concept_id,concept_name,dimensions,table_format,filename
gini,Gini,"[geo:country,time:time]","{timeInColumns:FALSE, hasNameColumn:TRUE,nameColumn:“B”}",1y90cy3oFqCjQG5q0uoUB4Ge-KQ8H0Z8tpFbiEkKZch8-data-for-countries-etc-by-year
journakilled,Journalists killed,"[geo:country,time:time]","{timeInColumns:FALSE, hasNameColumn:TRUE,nameColumn:“B”}",1Jhp7w8D-AuxnlEBG4YMn73BQcorbk9sNrt5KVVaqy70-data-for-countries-etc-by-year
journakilled,Journalists killed,"[geo:world_4region,time:time]","{timeInColumns:FALSE, hasNameColumn:TRUE,nameColumn:“B”}",1Jhp7w8D-AuxnlEBG4YMn73BQcorbk9sNrt5KVVaqy70-data-for-regions-by-year
journakilled,Journalists killed,"[geo:global,time:time]","{timeInColumns:FALSE, hasNameColumn:TRUE,nameColumn:“B”}",1Jhp7w8D-AuxnlEBG4YMn73BQcorbk9sNrt5KVVaqy70-data-for-world-by-year
journaprison,Journalists imprisoned,"[geo:country,time:time]","{timeInColumns:FALSE, hasNameColumn:TRUE,nameColumn:“B”}",1Jhp7w8D-AuxnlEBG4YMn73BQcorbk9sNrt5KVVaqy70-data-for-countries-etc-by-year
journaprison,Journalists imprisoned,"[geo:world_4region,time:time]","{timeInColumns:FALSE, hasNameColumn:TRUE,nameColumn:“B”}",1Jhp7w8D-AuxnlEBG4YMn73BQcorbk9sNrt5KVVaqy70-data-for-regions-by-year
journaprison,Journalists imprisoned,"[geo:global,time:time]","{timeInColumns:FALSE, hasNameColumn:TRUE,nameColumn:“B”}",1Jhp7w8D-AuxnlEBG4YMn73BQcorbk9sNrt5KVVaqy70-data-for-world-by-year
journamissing,Journalists missing,"[geo:country,time:time]","{timeInColumns:FALSE, hasNameColumn:TRUE,nameColumn:“B”}",1Jhp7w8D-AuxnlEBG4YMn73BQcorbk9sNrt5KVVaqy70-data-for-countries-etc-by-year
journamissing,Journalists missing,"[geo:world_4region,time:time]","{timeInColumns:FALSE, hasNameColumn:TRUE,nameColumn:“B”}",1Jhp7w8D-AuxnlEBG4YMn73BQcorbk9sNrt5KVVaqy70-data-for-regions-by-year
journamissing,Journalists missing,"[geo:global,time:time]","{timeInColumns:FALSE, hasNameColumn:TRUE,nameColumn:“B”}",1Jhp7w8D-AuxnlEBG4YMn73BQcorbk9sNrt5KVVaqy70-data-for-world-by-year
rgov_idea,Representative Government Index (IDEA),"[geo:country,time:time]","{timeInColumns:FALSE, hasNameColumn:TRUE,nameColumn:“B”}",1FY8AsCBMnO1pMRpnJijKt_Q02Nw4ce_G2rj_yRfRRv0-data-for-countries-etc-by-year
celec_idea,Clean Elections Index (IDEA),"[geo:country,time:time]","{timeInColumns:FALSE, hasNameColumn:TRUE,nameColumn:“B”}",1FY8AsCBMnO1pMRpnJijKt_Q02Nw4ce_G2rj_yRfRRv0-data-for-countries-etc-by-year
isuffrage_idea,Inclusive Suffrage Index  (IDEA),"[geo:country,time:time]","{timeInColumns:FALSE, hasNameColumn:TRUE,nameColumn:“B”}",1FY8AsCBMnO1pMRpnJijKt_Q02Nw4ce_G2rj_yRfRRv0-data-for-countries-etc-by-year
fppart_idea,Free Political Parties Index (IDEA),"[geo:country,time:time]","{timeInColumns:FALSE, hasNameColumn:TRUE,nameColumn:“B”}",1FY8AsCBMnO1pMRpnJijKt_Q02Nw4ce_G2rj_yRfRRv0-data-for-countries-etc-by-year
elgov_idea,Elected Government Index (IDEA),"[geo:country,time:time]","{timeInColumns:FALSE, hasNameColumn:TRUE,nameColumn:“B”}",1FY8AsCBMnO1pMRpnJijKt_Q02Nw4ce_G2rj_yRfRRv0-data-for-countries-etc-by-year
fundright_idea,Fundamental Rights Index (IDEA),"[geo:country,time:time]","{timeInColumns:FALSE, hasNameColumn:TRUE,nameColumn:“B”}",1FY8AsCBMnO1pMRpnJijKt_Q02Nw4ce_G2rj_yRfRRv0-data-for-countries-etc-by-year
ajustice_idea,Access to justice Index (IDEA),"[geo:country,time:time]","{timeInColumns:FALSE, hasNameColumn:TRUE,nameColumn:“B”}",1FY8AsCBMnO1pMRpnJijKt_Q02Nw4ce_G2rj_yRfRRv0-data-for-countries-etc-by-year
cliberties_idea,Civil liberties Index (IDEA),"[geo:country,time:time]","{timeInColumns:FALSE, hasNameColumn:TRUE,nameColumn:“B”}",1FY8AsCBMnO1pMRpnJijKt_Q02Nw4ce_G2rj_yRfRRv0-data-for-countries-etc-by-year
fexpression_idea,Freedom of expression Index  (IDEA),"[geo:country,time:time]","{timeInColumns:FALSE, hasNameColumn:TRUE,nameColumn:“B”}",1FY8AsCBMnO1pMRpnJijKt_Q02Nw4ce_G2rj_yRfRRv0-data-for-countries-etc-by-year
fassoas_idea,Freedom of association and assembly Index  (IDEA),"[geo:country,time:time]","{timeInColumns:FALSE, hasNameColumn:TRUE,nameColumn:“B”}",1FY8AsCBMnO1pMRpnJijKt_Q02Nw4ce_G2rj_yRfRRv0-data-for-countries-etc-by-year
freligion_idea,Freedom of religion (IDEA),"[geo:country,time:time]","{timeInColumns:FALSE, hasNameColumn:TRUE,nameColumn:“B”}",1FY8AsCBMnO1pMRpnJijKt_Q02Nw4ce_G2rj_yRfRRv0-data-for-countries-etc-by-year
fmvt_idea,Freedom of movement (IDEA),"[geo:country,time:time]","{timeInColumns:FALSE, hasNameColumn:TRUE,nameColumn:“B”}",1FY8AsCBMnO1pMRpnJijKt_Q02Nw4ce_G2rj_yRfRRv0-data-for-countries-etc-by-year
pisec_idea,Personal integrity and security Index (IDEA),"[geo:country,time:time]","{timeInColumns:FALSE, hasNameColumn:TRUE,nameColumn:“B”}",1FY8AsCBMnO1pMRpnJijKt_Q02Nw4ce_G2rj_yRfRRv0-data-for-countries-etc-by-year
sorigeq_idea,Social rights and equality Index (IDEA),"[geo:country,time:time]","{timeInColumns:FALSE, hasNameColumn:TRUE,nameColumn:“B”}",1FY8AsCBMnO1pMRpnJijKt_Q02Nw4ce_G2rj_yRfRRv0-data-for-countries-etc-by-year
sgeq_idea,Social group equality Index (IDEA),"[geo:country,time:time]","{timeInColumns:FALSE, hasNameColumn:TRUE,nameColumn:“B”}",1FY8AsCBMnO1pMRpnJijKt_Q02Nw4ce_G2rj_yRfRRv0-data-for-countries-etc-by-year
bwelfr_idea,Basic welfare Index (IDEA),"[geo:country,time:time]","{timeInColumns:FALSE, hasNameColumn:TRUE,nameColumn:“B”}",1FY8AsCBMnO1pMRpnJijKt_Q02Nw4ce_G2rj_yRfRRv0-data-for-countries-etc-by-year
gendereq_idea,Gender equality Index (IDEA),"[geo:country,time:time]","{timeInColumns:FALSE, hasNameColumn:TRUE,nameColumn:“B”}",1FY8AsCBMnO1pMRpnJijKt_Q02Nw4ce_G2rj_yRfRRv0-data-for-countries-etc-by-year
checkgvt_idea,Checks on Government Index (IDEA),"[geo:country,time:time]","{timeInColumns:FALSE, hasNameColumn:TRUE,nameColumn:“B”}",1FY8AsCBMnO1pMRpnJijKt_Q02Nw4ce_G2rj_yRfRRv0-data-for-countries-etc-by-year
efparlt_idea,Effective parliament Index (IDEA),"[geo:country,time:time]","{timeInColumns:FALSE, hasNameColumn:TRUE,nameColumn:“B”}",1FY8AsCBMnO1pMRpnJijKt_Q02Nw4ce_G2rj_yRfRRv0-data-for-countries-etc-by-year
judicindep_idea,Judicial independence Index (IDEA),"[geo:country,time:time]","{timeInColumns:FALSE, hasNameColumn:TRUE,nameColumn:“B”}",1FY8AsCBMnO1pMRpnJijKt_Q02Nw4ce_G2rj_yRfRRv0-data-for-countries-etc-by-year
mediaint_idea,Media integrity Index (IDEA),"[geo:country,time:time]","{timeInColumns:FALSE, hasNameColumn:TRUE,nameColumn:“B”}",1FY8AsCBMnO1pMRpnJijKt_Q02Nw4ce_G2rj_yRfRRv0-data-for-countries-etc-by-year
impadmin_idea,Impartial Administration Index (IDEA),"[geo:country,time:time]","{timeInColumns:FALSE, hasNameColumn:TRUE,nameColumn:“B”}",1FY8AsCBMnO1pMRpnJijKt_Q02Nw4ce_G2rj_yRfRRv0-data-for-countries-etc-by-year
abscorrup_idea,Absence of corruption Index  (IDEA),"[geo:country,time:time]","{timeInColumns:FALSE, hasNameColumn:TRUE,nameColumn:“B”}",1FY8AsCBMnO1pMRpnJijKt_Q02Nw4ce_G2rj_yRfRRv0-data-for-countries-etc-by-year
prenforct_idea,Predictable enforcement Index (IDEA),"[geo:country,time:time]","{timeInColumns:FALSE, hasNameColumn:TRUE,nameColumn:“B”}",1FY8AsCBMnO1pMRpnJijKt_Q02Nw4ce_G2rj_yRfRRv0-data-for-countries-etc-by-year
civsocpart_idea,Civil society participation Index  (IDEA),"[geo:country,time:time]","{timeInColumns:FALSE, hasNameColumn:TRUE,nameColumn:“B”}",1FY8AsCBMnO1pMRpnJijKt_Q02Nw4ce_G2rj_yRfRRv0-data-for-countries-etc-by-year
elecparti_idea,Electoral Participation Index (IDEA),"[geo:country,time:time]","{timeInColumns:FALSE, hasNameColumn:TRUE,nameColumn:“B”}",1FY8AsCBMnO1pMRpnJijKt_Q02Nw4ce_G2rj_yRfRRv0-data-for-countries-etc-by-year
dirdemo_idea,Direct Democracy Index (IDEA),"[geo:country,time:time]","{timeInColumns:FALSE, hasNameColumn:TRUE,nameColumn:“B”}",1FY8AsCBMnO1pMRpnJijKt_Q02Nw4ce_G2rj_yRfRRv0-data-for-countries-etc-by-year
locdemo_idea,Local Democracy Index (IDEA),"[geo:country,time:time]","{timeInColumns:FALSE, hasNameColumn:TRUE,nameColumn:“B”}",1FY8AsCBMnO1pMRpnJijKt_Q02Nw4ce_G2rj_yRfRRv0-data-for-countries-etc-by-year
c_rgvt_idea,Change in Representative Government Index (IDEA),"[geo:country,time:time]","{timeInColumns:FALSE, hasNameColumn:TRUE,nameColumn:“B”}",1FY8AsCBMnO1pMRpnJijKt_Q02Nw4ce_G2rj_yRfRRv0-data-for-countries-etc-by-year
c_fundright_idea,Change in Fundamental Rights Index (IDEA),"[geo:country,time:time]","{timeInColumns:FALSE, hasNameColumn:TRUE,nameColumn:“B”}",1FY8AsCBMnO1pMRpnJijKt_Q02Nw4ce_G2rj_yRfRRv0-data-for-countries-etc-by-year
c_checkgvt_idea,Change in Checks on Government Index (IDEA),"[geo:country,time:time]","{timeInColumns:FALSE, hasNameColumn:TRUE,nameColumn:“B”}",1FY8AsCBMnO1pMRpnJijKt_Q02Nw4ce_G2rj_yRfRRv0-data-for-countries-etc-by-year
c_impadmin_idea,Change in Impartial Administration Index (IDEA),"[geo:country,time:time]","{timeInColumns:FALSE, hasNameColumn:TRUE,nameColumn:“B”}",1FY8AsCBMnO1pMRpnJijKt_Q02Nw4ce_G2rj_yRfRRv0-data-for-countries-etc-by-year
c_civsocpart_idea,Change in  civil society Participation Index (IDEA),"[geo:country,time:time]","{timeInColumns:FALSE, hasNameColumn:TRUE,nameColumn:“B”}",1FY8AsCBMnO1pMRpnJijKt_Q02Nw4ce_G2rj_yRfRRv0-data-for-countries-etc-by-year
c_elecparti_idea,Change in Electoral Participation Index (IDEA),"[geo:country,time:time]","{timeInColumns:FALSE, hasNameColumn:TRUE,nameColumn:“B”}",1FY8AsCBMnO1pMRpnJijKt_Q02Nw4ce_G2rj_yRfRRv0-data-for-countries-etc-by-year
c_dirdemo_idea,Change in Direct democracy Index (IDEA),"[geo:country,time:time]","{timeInColumns:FALSE, hasNameColumn:TRUE,nameColumn:“B”}",1FY8AsCBMnO1pMRpnJijKt_Q02Nw4ce_G2rj_yRfRRv0-data-for-countries-etc-by-year
c_locdemo_idea,Change in Local Democracy Index (IDEA),"[geo:country,time:time]","{timeInColumns:FALSE, hasNameColumn:TRUE,nameColumn:“B”}",1FY8AsCBMnO1pMRpnJijKt_Q02Nw4ce_G2rj_yRfRRv0-data-for-countries-etc-by-year
freedstatus_fh,Freedom status (FH),"[geo:country,time:time]","{timeInColumns:FALSE, hasNameColumn:TRUE,nameColumn:“B”}",1eHw-43lUAOrMebEWDWb-GsF6xn34nHX7OGznxITGHzc-data-for-countries-etc-by-year
freedix_fh,Freedom index (FH),"[geo:country,time:time]","{timeInColumns:FALSE, hasNameColumn:TRUE,nameColumn:“B”}",1eHw-43lUAOrMebEWDWb-GsF6xn34nHX7OGznxITGHzc-data-for-countries-etc-by-year
polrights_fh,Political Rights index (FH),"[geo:country,time:time]","{timeInColumns:FALSE, hasNameColumn:TRUE,nameColumn:“B”}",1eHw-43lUAOrMebEWDWb-GsF6xn34nHX7OGznxITGHzc-data-for-countries-etc-by-year
cliberities_fh,Civil Liberties index (FH),"[geo:country,time:time]","{timeInColumns:FALSE, hasNameColumn:TRUE,nameColumn:“B”}",1eHw-43lUAOrMebEWDWb-GsF6xn34nHX7OGznxITGHzc-data-for-countries-etc-by-year
demox_eiu,Democracy index (EIU),"[geo:country,time:time]","{timeInColumns:FALSE, hasNameColumn:TRUE,nameColumn:“B”}",1V2GcmG-4-BqyRDAmOk0qPjJUoppY6w4-bszedOvhPTY-data-for-countries-etc-by-year
electoplx_eiu,Electoral pluralism index (EIU),"[geo:country,time:time]","{timeInColumns:FALSE, hasNameColumn:TRUE,nameColumn:“B”}",1V2GcmG-4-BqyRDAmOk0qPjJUoppY6w4-bszedOvhPTY-data-for-countries-etc-by-year
gvtx_eiu,Government index (EIU),"[geo:country,time:time]","{timeInColumns:FALSE, hasNameColumn:TRUE,nameColumn:“B”}",1V2GcmG-4-BqyRDAmOk0qPjJUoppY6w4-bszedOvhPTY-data-for-countries-etc-by-year
polpartix_eiu,Political participation index(EIU),"[geo:country,time:time]","{timeInColumns:FALSE, hasNameColumn:TRUE,nameColumn:“B”}",1V2GcmG-4-BqyRDAmOk0qPjJUoppY6w4-bszedOvhPTY-data-for-countries-etc-by-year
polcultx_eiu,Political culture index (EIU),"[geo:country,time:time]","{timeInColumns:FALSE, hasNameColumn:TRUE,nameColumn:“B”}",1V2GcmG-4-BqyRDAmOk0qPjJUoppY6w4-bszedOvhPTY-data-for-countries-etc-by-year
civlibx_eiu,Civil liberties index (EIU),"[geo:country,time:time]","{timeInColumns:FALSE, hasNameColumn:TRUE,nameColumn:“B”}",1V2GcmG-4-BqyRDAmOk0qPjJUoppY6w4-bszedOvhPTY-data-for-countries-etc-by-year
c_demox_eiu,Change in democracy index (EIU),"[geo:country,time:time]","{timeInColumns:FALSE, hasNameColumn:TRUE,nameColumn:“B”}",1V2GcmG-4-BqyRDAmOk0qPjJUoppY6w4-bszedOvhPTY-data-for-countries-etc-by-year
u5pop,Under-five population,"[geo:country,time:time]","{timeInColumns:FALSE, hasNameColumn:TRUE,nameColumn:“B”}",1-5qutEU2Fxg4t5Cx37Y1gpgOShTz-Adt5rEg1U31-S4-data-for-countries-etc-by-year
u5stunted_prc,Stunting prevalence,"[geo:country,time:time]","{timeInColumns:FALSE, hasNameColumn:TRUE,nameColumn:“B”}",1GqwGgOnd4jMPn2cQfqOFFIVqvBoLVx9X9OsZZK-Fwq8-data-for-countries-etc-by-year
ilevels4_wb,4 income groups (WB),"[geo:country,time:time]","{timeInColumns:FALSE, hasNameColumn:TRUE,nameColumn:“B”}",1jH-pAuHTzBXE-MAqnVnIARz14beqRlHpPU2OD6Qiz8M-data-for-countries-etc-by-year
ilevels3_wb,3 income groups (WB),"[geo:country,time:time]","{timeInColumns:FALSE, hasNameColumn:TRUE,nameColumn:“B”}",1jH-pAuHTzBXE-MAqnVnIARz14beqRlHpPU2OD6Qiz8M-data-for-countries-etc-by-year
vccine_imptn_dag,"Vaccine importance, disagree (%)","[geo:country,time:time]","{timeInColumns:FALSE, hasNameColumn:TRUE,nameColumn:“B”}",1_EN4eAOS7zugaxQeEVYYVwFy3iFcBqzp5J6vvEGxJfI-data-for-countries-etc-by-year
vccin_sfty_dag,"Vaccine safety, disagree (%)","[geo:country,time:time]","{timeInColumns:FALSE, hasNameColumn:TRUE,nameColumn:“B”}",1_EN4eAOS7zugaxQeEVYYVwFy3iFcBqzp5J6vvEGxJfI-data-for-countries-etc-by-year
vccin_effect_dag,"Vaccine effectiveness, disagree (%)","[geo:country,time:time]","{timeInColumns:FALSE, hasNameColumn:TRUE,nameColumn:“B”}",1_EN4eAOS7zugaxQeEVYYVwFy3iFcBqzp5J6vvEGxJfI-data-for-countries-etc-by-year
female_hos,Female Head of State,"[geo:country,time:time]","{timeInColumns:FALSE, hasNameColumn:TRUE,nameColumn:“B”}",1eIIc06lbHFkBXLKBRywCyFnkpIo_3LjuOnpfyA7WV7k-data-for-countries-etc-by-year
num_countries_fhos,Number of countries,"[geo:global,time:time]","{timeInColumns:FALSE, hasNameColumn:TRUE,nameColumn:“B”}",1eIIc06lbHFkBXLKBRywCyFnkpIo_3LjuOnpfyA7WV7k-data-for-world-by-year
compt_plastic_wst,Plastic waste composition (%),"[geo:country,time:time]","{timeInColumns:FALSE, hasNameColumn:TRUE,nameColumn:“B”}",1L8vJeFRwtHPf_C6M0w7u1IVnohJQ66qZnscVk33SrcM-data-for-countries-etc-by-year
immigrant_n,Immigrant stock,"[geo:global,time:time]","{timeInColumns:FALSE, hasNameColumn:TRUE,nameColumn:“B”}",1hvP9tgZVAHLZyt2_b-J3HFv10EvLqBslJex8DGS6NWg-data-for-world-by-year
emigrant_n,Emigrant stock,"[geo:global,time:time]","{timeInColumns:FALSE, hasNameColumn:TRUE,nameColumn:“B”}",1hvP9tgZVAHLZyt2_b-J3HFv10EvLqBslJex8DGS6NWg-data-for-world-by-year
immigrant_pc,Immigrant stock share,"[geo:global,time:time]","{timeInColumns:FALSE, hasNameColumn:TRUE,nameColumn:“B”}",1hvP9tgZVAHLZyt2_b-J3HFv10EvLqBslJex8DGS6NWg-data-for-world-by-year
emigrant_pc,Emigrant stock share,"[geo:global,time:time]","{timeInColumns:FALSE, hasNameColumn:TRUE,nameColumn:“B”}",1hvP9tgZVAHLZyt2_b-J3HFv10EvLqBslJex8DGS6NWg-data-for-world-by-year
ihme_conflict_death,Conflict and terrorism deaths (%),"[geo:world_4region,time:time]","{timeInColumns:FALSE, hasNameColumn:TRUE,nameColumn:“B”}",1gPN7Kl4SN9_oi6NCTr4J7u_WYZg7K7zFpr9MDL_O8bE-data-for-regions-by-year
ihme_cardio_death,Cardiovascular diseases deaths (%),"[geo:world_4region,time:time]","{timeInColumns:FALSE, hasNameColumn:TRUE,nameColumn:“B”}",1gPN7Kl4SN9_oi6NCTr4J7u_WYZg7K7zFpr9MDL_O8bE-data-for-regions-by-year
ihme_hiv_death,HIV/AIDS deaths (%),"[geo:country,time:time]","{timeInColumns:FALSE, hasNameColumn:TRUE,nameColumn:“B”}",1gPN7Kl4SN9_oi6NCTr4J7u_WYZg7K7zFpr9MDL_O8bE-data-for-countries-etc-by-year
ihme_hiv_death,HIV/AIDS deaths (%),"[geo:global,time:time]","{timeInColumns:FALSE, hasNameColumn:TRUE,nameColumn:“B”}",1gPN7Kl4SN9_oi6NCTr4J7u_WYZg7K7zFpr9MDL_O8bE-data-for-world-by-year
ihme_hiv_death,HIV/AIDS deaths (%),"[geo:world_4region,time:time]","{timeInColumns:FALSE, hasNameColumn:TRUE,nameColumn:“B”}",1gPN7Kl4SN9_oi6NCTr4J7u_WYZg7K7zFpr9MDL_O8bE-data-for-regions-by-year
popcit_less_300k,Population in cities with less than 300k people,"[geo:global,time:time]","{timeInColumns:FALSE, hasNameColumn:TRUE,nameColumn:“B”}",1ccBxDTT5J9k3ZJbUmuvzc0xQvsLgBJnZ62S5xzPmY9E-data-for-world-by-year
popcit_300_500k,Population in cities with 300k to 500k people,"[geo:global,time:time]","{timeInColumns:FALSE, hasNameColumn:TRUE,nameColumn:“B”}",1ccBxDTT5J9k3ZJbUmuvzc0xQvsLgBJnZ62S5xzPmY9E-data-for-world-by-year
popcit_500k_1m,Population in cities with 500k  to 1m people,"[geo:global,time:time]","{timeInColumns:FALSE, hasNameColumn:TRUE,nameColumn:“B”}",1ccBxDTT5J9k3ZJbUmuvzc0xQvsLgBJnZ62S5xzPmY9E-data-for-world-by-year
popcit_1_5m,Population in cities with 1 to 5m people,"[geo:global,time:time]","{timeInColumns:FALSE, hasNameColumn:TRUE,nameColumn:“B”}",1ccBxDTT5J9k3ZJbUmuvzc0xQvsLgBJnZ62S5xzPmY9E-data-for-world-by-year
popcit_5_10m,Population in cities with 5 to 10m people,"[geo:global,time:time]","{timeInColumns:FALSE, hasNameColumn:TRUE,nameColumn:“B”}",1ccBxDTT5J9k3ZJbUmuvzc0xQvsLgBJnZ62S5xzPmY9E-data-for-world-by-year
popcit_more_10m,Population in cities with more than 10m people,"[geo:global,time:time]","{timeInColumns:FALSE, hasNameColumn:TRUE,nameColumn:“B”}",1ccBxDTT5J9k3ZJbUmuvzc0xQvsLgBJnZ62S5xzPmY9E-data-for-world-by-year
percit_less_300k,Population in cities with less than 300k people (% total population),"[geo:global,time:time]","{timeInColumns:FALSE, hasNameColumn:TRUE,nameColumn:“B”}",1ccBxDTT5J9k3ZJbUmuvzc0xQvsLgBJnZ62S5xzPmY9E-data-for-world-by-year
percit_300_500k,Population in cities with 300k to 500k people (% total population),"[geo:global,time:time]","{timeInColumns:FALSE, hasNameColumn:TRUE,nameColumn:“B”}",1ccBxDTT5J9k3ZJbUmuvzc0xQvsLgBJnZ62S5xzPmY9E-data-for-world-by-year
percit_500k_1m,Population in cities with 500k  to 1m people (% total population),"[geo:global,time:time]","{timeInColumns:FALSE, hasNameColumn:TRUE,nameColumn:“B”}",1ccBxDTT5J9k3ZJbUmuvzc0xQvsLgBJnZ62S5xzPmY9E-data-for-world-by-year
percit_1_5m,Population in cities with 1 to 5m people (% total population),"[geo:global,time:time]","{timeInColumns:FALSE, hasNameColumn:TRUE,nameColumn:“B”}",1ccBxDTT5J9k3ZJbUmuvzc0xQvsLgBJnZ62S5xzPmY9E-data-for-world-by-year
percit_5_10m,Population in cities with 5 to 10m people (% total population),"[geo:global,time:time]","{timeInColumns:FALSE, hasNameColumn:TRUE,nameColumn:“B”}",1ccBxDTT5J9k3ZJbUmuvzc0xQvsLgBJnZ62S5xzPmY9E-data-for-world-by-year
percit_more_10m,Population in cities with more than 10m people (% total population),"[geo:global,time:time]","{timeInColumns:FALSE, hasNameColumn:TRUE,nameColumn:“B”}",1ccBxDTT5J9k3ZJbUmuvzc0xQvsLgBJnZ62S5xzPmY9E-data-for-world-by-year
owid_education_idx,OWID Education Index,"[geo:country,time:time]","{timeInColumns:FALSE, hasNameColumn:TRUE,nameColumn:“B”}",1gK1UfJMvoeaK28f9HiqdeQ3cOU3V-EfImnsX_CrVFrA-data-for-countries-etc-by-year
mmr_who,Maternal Mortality Ratio (WHO),"[geo:country,time:time]","{timeInColumns:FALSE, hasNameColumn:TRUE,nameColumn:“B”}",14kb39XojncvwpNp_8ciuiEp5yP8QIaFmSZqAum6C63w-data-for-countries-etc-by-year
mmr_ihme,Maternal Mortality Ratio (IHME),"[geo:country,time:time]","{timeInColumns:FALSE, hasNameColumn:TRUE,nameColumn:“B”}",1Z2IS9xVg-KJ8nHK2fvwXVBXfereC-CxAJ5kZiRFD6BY-data-for-countries-etc-by-year
wn_bothhouses_c,Percentage of women in parliaments,"[geo:country,time:time]","{timeInColumns:FALSE, hasNameColumn:TRUE,nameColumn:“B”}",1QE30QKC-uMbvUlYxLDaZpTVe59ooO0Rz9IC-dbIDQJg-data-for-countries-etc-by-year
wn_bothhouses_c,Percentage of women in parliaments,"[geo:world_4region,time:time]","{timeInColumns:FALSE, hasNameColumn:TRUE,nameColumn:“B”}",1QE30QKC-uMbvUlYxLDaZpTVe59ooO0Rz9IC-dbIDQJg-data-for-regions-by-year
wn_bothhouses_c,Percentage of women in parliaments,"[geo:global,time:time]","{timeInColumns:FALSE, hasNameColumn:TRUE,nameColumn:“B”}",1QE30QKC-uMbvUlYxLDaZpTVe59ooO0Rz9IC-dbIDQJg-data-for-world-by-year
matfootp,Material footprint (tonnes),"[geo:country,time:time]","{timeInColumns:FALSE, hasNameColumn:TRUE,nameColumn:“B”}",1ZFx8dksu3V1UMfPqJ0DHAOMZv-hrfceYZPnt0sWUj2E-data-for-countries-etc-by-year
matfootp_cap,Material footprint per capita (tonnes),"[geo:country,time:time]","{timeInColumns:FALSE, hasNameColumn:TRUE,nameColumn:“B”}",1ZFx8dksu3V1UMfPqJ0DHAOMZv-hrfceYZPnt0sWUj2E-data-for-countries-etc-by-year
matfootp,Material footprint (tonnes),"[geo:world_4region,time:time]","{timeInColumns:FALSE, hasNameColumn:TRUE,nameColumn:“B”}",1ZFx8dksu3V1UMfPqJ0DHAOMZv-hrfceYZPnt0sWUj2E-data-for-regions-by-year
matfootp_cap,Material footprint per capita (tonnes),"[geo:world_4region,time:time]","{timeInColumns:FALSE, hasNameColumn:TRUE,nameColumn:“B”}",1ZFx8dksu3V1UMfPqJ0DHAOMZv-hrfceYZPnt0sWUj2E-data-for-regions-by-year
matfootp,Material footprint (tonnes),"[geo:global,time:time]","{timeInColumns:FALSE, hasNameColumn:TRUE,nameColumn:“B”}",1ZFx8dksu3V1UMfPqJ0DHAOMZv-hrfceYZPnt0sWUj2E-data-for-world-by-year
matfootp_cap,Material footprint per capita (tonnes),"[geo:global,time:time]","{timeInColumns:FALSE, hasNameColumn:TRUE,nameColumn:“B”}",1ZFx8dksu3V1UMfPqJ0DHAOMZv-hrfceYZPnt0sWUj2E-data-for-world-by-year
net_users_num,Internet users,"[geo:country,time:time]","{timeInColumns:FALSE, hasNameColumn:TRUE,nameColumn:“B”}",14HINefWNOFkh4TNz-ZmBwb1K6w2Lg9z0P9rDJlJiQ8s-data-for-countries-etc-by-year
non_net_users_prc,Non-internet users (%),"[geo:country,time:time]","{timeInColumns:FALSE, hasNameColumn:TRUE,nameColumn:“B”}",14HINefWNOFkh4TNz-ZmBwb1K6w2Lg9z0P9rDJlJiQ8s-data-for-countries-etc-by-year
non_net_users_num,Non Internet users,"[geo:country,time:time]","{timeInColumns:FALSE, hasNameColumn:TRUE,nameColumn:“B”}",14HINefWNOFkh4TNz-ZmBwb1K6w2Lg9z0P9rDJlJiQ8s-data-for-countries-etc-by-year
manuf_employ,Share working in manufacturing,"[geo:country,time:time]","{timeInColumns:FALSE, hasNameColumn:TRUE,nameColumn:“B”}",1bwMTTBz_Gdo62-V8-ySVLM4TZQ9QWRgOt31fvM0PTsU-data-for-countries-etc-by-year
manuf_employ,Share working in manufacturing,"[geo:global,time:time]","{timeInColumns:FALSE, hasNameColumn:TRUE,nameColumn:“B”}",1bwMTTBz_Gdo62-V8-ySVLM4TZQ9QWRgOt31fvM0PTsU-data-for-world-by-year
hapiscore_whr,Happiness score (WHR),"[geo:country,time:time]","{timeInColumns:FALSE, hasNameColumn:TRUE,nameColumn:“B”}",1Hh2E8PrDA9nzRY_ikBAF3MSKkHreEUVLXnjE3PtJVVA-data-for-countries-etc-by-year
popcit_less_300k,Population in cities with less than 300k people,"[geo:country,time:time]","{timeInColumns:FALSE, hasNameColumn:TRUE,nameColumn:“B”}",1ccBxDTT5J9k3ZJbUmuvzc0xQvsLgBJnZ62S5xzPmY9E-data-for-countries-etc-by-year
popcit_300_500k,Population in cities with 300k to 500k people,"[geo:country,time:time]","{timeInColumns:FALSE, hasNameColumn:TRUE,nameColumn:“B”}",1ccBxDTT5J9k3ZJbUmuvzc0xQvsLgBJnZ62S5xzPmY9E-data-for-countries-etc-by-year
popcit_500k_1m,Population in cities with 500k  to 1m people,"[geo:country,time:time]","{timeInColumns:FALSE, hasNameColumn:TRUE,nameColumn:“B”}",1ccBxDTT5J9k3ZJbUmuvzc0xQvsLgBJnZ62S5xzPmY9E-data-for-countries-etc-by-year
popcit_1_5m,Population in cities with 1 to 5m people,"[geo:country,time:time]","{timeInColumns:FALSE, hasNameColumn:TRUE,nameColumn:“B”}",1ccBxDTT5J9k3ZJbUmuvzc0xQvsLgBJnZ62S5xzPmY9E-data-for-countries-etc-by-year
popcit_5_10m,Population in cities with 5 to 10m people,"[geo:country,time:time]","{timeInColumns:FALSE, hasNameColumn:TRUE,nameColumn:“B”}",1ccBxDTT5J9k3ZJbUmuvzc0xQvsLgBJnZ62S5xzPmY9E-data-for-countries-etc-by-year
popcit_more_10m,Population in cities with more than 10m people,"[geo:country,time:time]","{timeInColumns:FALSE, hasNameColumn:TRUE,nameColumn:“B”}",1ccBxDTT5J9k3ZJbUmuvzc0xQvsLgBJnZ62S5xzPmY9E-data-for-countries-etc-by-year
cities_w_300k_500k_p,Cities with 300k to 500k people,"[geo:country,time:time]","{timeInColumns:FALSE, hasNameColumn:TRUE,nameColumn:“B”}",1G2GPmJ8oHwX7AIqLaS7CnG3FuoRSlg6lRSv6oQWNuNQ-data-for-countries-etc-by-year
cities_w_500k_1m_p,Cities with 500k to 1m people,"[geo:country,time:time]","{timeInColumns:FALSE, hasNameColumn:TRUE,nameColumn:“B”}",1G2GPmJ8oHwX7AIqLaS7CnG3FuoRSlg6lRSv6oQWNuNQ-data-for-countries-etc-by-year
cities_w_1_5m_p,Cities with 1 to 5m people,"[geo:country,time:time]","{timeInColumns:FALSE, hasNameColumn:TRUE,nameColumn:“B”}",1G2GPmJ8oHwX7AIqLaS7CnG3FuoRSlg6lRSv6oQWNuNQ-data-for-countries-etc-by-year
cities_w_5_10m_p,Cities with 5 to 10m people,"[geo:country,time:time]","{timeInColumns:FALSE, hasNameColumn:TRUE,nameColumn:“B”}",1G2GPmJ8oHwX7AIqLaS7CnG3FuoRSlg6lRSv6oQWNuNQ-data-for-countries-etc-by-year
cities_w_more_10m_p,Cities  with more than 10m  people,"[geo:country,time:time]","{timeInColumns:FALSE, hasNameColumn:TRUE,nameColumn:“B”}",1G2GPmJ8oHwX7AIqLaS7CnG3FuoRSlg6lRSv6oQWNuNQ-data-for-countries-etc-by-year
cities_w_more_1m_p,Cities  with more than 1m  people,"[geo:country,time:time]","{timeInColumns:FALSE, hasNameColumn:TRUE,nameColumn:“B”}",1G2GPmJ8oHwX7AIqLaS7CnG3FuoRSlg6lRSv6oQWNuNQ-data-for-countries-etc-by-year
top10_ptaxinc_wid,Estimates of richest 10% pre-tax income share (WID),"[geo:country,time:time]","{timeInColumns:FALSE, hasNameColumn:TRUE,nameColumn:“B”}",1E4JN7TmbscbARH9XSgjcdPzl9qZcZvKs_DKRfnbfL3k-data-for-countries-etc-by-year
legslav_status,Legal slavery (or hard to inspect),"[geo:country,time:time]","{timeInColumns:FALSE, hasNameColumn:TRUE,nameColumn:“B”}",127vyLTfQzz898M70Ip5xUg5dz3q0rS4BwE4dm1H4MGA-data-for-countries-etc-by-year
legslav_numc,Number of countries with legal slavery (or hard to inspect),"[geo:global,time:time]","{timeInColumns:FALSE, hasNameColumn:TRUE,nameColumn:“B”}",127vyLTfQzz898M70Ip5xUg5dz3q0rS4BwE4dm1H4MGA-data-for-world-by-year
refas_prc_undesa,Refugees and asylum seekers (% of migrant stock) (UNDESA),"[geo:country,time:time]","{timeInColumns:FALSE, hasNameColumn:TRUE,nameColumn:“B”}",1hvP9tgZVAHLZyt2_b-J3HFv10EvLqBslJex8DGS6NWg-data-for-countries-etc-by-year
ilevels,Income levels,"[geo:country,time:time]","{timeInColumns:FALSE, hasNameColumn:TRUE,nameColumn:“B”}",1a91oEvjaQoAO-rVeWldpiB9MkJ4OE6MbkHU-m_XJIcA-data-for-countries-etc-by-year
int_refg_in,International refugees by asylum,"[geo:country,time:time]","{timeInColumns:FALSE, hasNameColumn:TRUE,nameColumn:“B”}",11qpZ1zw7wO6m3edFDY0bgZNrsOcd2nHUNUuKxT4GSRE-data-for-countries-etc-by-year
int_refg_in_prc,International refugees (% of population ),"[geo:country,time:time]","{timeInColumns:FALSE, hasNameColumn:TRUE,nameColumn:“B”}",11qpZ1zw7wO6m3edFDY0bgZNrsOcd2nHUNUuKxT4GSRE-data-for-countries-etc-by-year
int_refg_origin,International refugees by origin,"[geo:country,time:time]","{timeInColumns:FALSE, hasNameColumn:TRUE,nameColumn:“B”}",11qpZ1zw7wO6m3edFDY0bgZNrsOcd2nHUNUuKxT4GSRE-data-for-countries-etc-by-year
int_refg_origin_prc,International refugees by origin (% of population ),"[geo:country,time:time]","{timeInColumns:FALSE, hasNameColumn:TRUE,nameColumn:“B”}",11qpZ1zw7wO6m3edFDY0bgZNrsOcd2nHUNUuKxT4GSRE-data-for-countries-etc-by-year
diff_refg_in,"Refugee change from previous year, by country of asylum","[geo:country,time:time]","{timeInColumns:FALSE, hasNameColumn:TRUE,nameColumn:“B”}",11qpZ1zw7wO6m3edFDY0bgZNrsOcd2nHUNUuKxT4GSRE-data-for-countries-etc-by-year
diff_refg_origin,"Refugee change from previous year, by country of origin","[geo:country,time:time]","{timeInColumns:FALSE, hasNameColumn:TRUE,nameColumn:“B”}",11qpZ1zw7wO6m3edFDY0bgZNrsOcd2nHUNUuKxT4GSRE-data-for-countries-etc-by-year
unhcr_refg_in,UNHCR refugees by country of residence,"[geo:country,time:time]","{timeInColumns:FALSE, hasNameColumn:TRUE,nameColumn:“B”}",1nRg5UzdKI-DRiIT8ZD12njYgOaxcZlmq5ZtfC-GGQxs-data-for-countries-etc-by-year
as_in,Asylum-seekers by country of residence,"[geo:country,time:time]","{timeInColumns:FALSE, hasNameColumn:TRUE,nameColumn:“B”}",1nRg5UzdKI-DRiIT8ZD12njYgOaxcZlmq5ZtfC-GGQxs-data-for-countries-etc-by-year
unhcr_refg_from,UNHCR refugees by country of origin,"[geo:country,time:time]","{timeInColumns:FALSE, hasNameColumn:TRUE,nameColumn:“B”}",1nRg5UzdKI-DRiIT8ZD12njYgOaxcZlmq5ZtfC-GGQxs-data-for-countries-etc-by-year
as_from,Asylum-seekers by country of origin,"[geo:country,time:time]","{timeInColumns:FALSE, hasNameColumn:TRUE,nameColumn:“B”}",1nRg5UzdKI-DRiIT8ZD12njYgOaxcZlmq5ZtfC-GGQxs-data-for-countries-etc-by-year
idps,Internally displaced persons,"[geo:country,time:time]","{timeInColumns:FALSE, hasNameColumn:TRUE,nameColumn:“B”}",1nRg5UzdKI-DRiIT8ZD12njYgOaxcZlmq5ZtfC-GGQxs-data-for-countries-etc-by-year
mincpcap_cppp,Average daily income per capita,"[geo:country,time:time]","{timeInColumns:FALSE, hasNameColumn:TRUE,nameColumn:“B”}",1wJ02C2gvPTp4CKv9avsiDm4en726RuVTdb7KLUeQbtk-data-for-countries-etc-by-year
sdi,Sustainable Development Index,"[geo:country,time:time]","{timeInColumns:FALSE, hasNameColumn:TRUE,nameColumn:“B”}",1nfGL9zIEzcwaM-bToNlbHfSXz4PZ9uW8uhWHwxW7VKI-data-for-countries-etc-by-year
hmless_nd,Homeless from natural disasters,"[geo:country,time:time]","{timeInColumns:FALSE, hasNameColumn:TRUE,nameColumn:“B”}",1KQaJDqZkRoVQGnIDAjtx9k5m1y6mRdCMEwSIS2i-eQo-data-for-countries-etc-by-year
hmless_nd,Homeless from natural disasters,"[geo:world_4region,time:time]","{timeInColumns:FALSE, hasNameColumn:TRUE,nameColumn:“B”}",1KQaJDqZkRoVQGnIDAjtx9k5m1y6mRdCMEwSIS2i-eQo-data-for-regions-by-year
hmless_nd,Homeless from natural disasters,"[geo:global,time:time]","{timeInColumns:FALSE, hasNameColumn:TRUE,nameColumn:“B”}",1KQaJDqZkRoVQGnIDAjtx9k5m1y6mRdCMEwSIS2i-eQo-data-for-world-by-year
percit_less_300k,Population in cities with less than 300k people (% total population),"[geo:country,time:time]","{timeInColumns:FALSE, hasNameColumn:TRUE,nameColumn:“B”}",1ccBxDTT5J9k3ZJbUmuvzc0xQvsLgBJnZ62S5xzPmY9E-data-for-countries-etc-by-year
percit_300_500k,Population in cities with 300k to 500k people (% total population),"[geo:country,time:time]","{timeInColumns:FALSE, hasNameColumn:TRUE,nameColumn:“B”}",1ccBxDTT5J9k3ZJbUmuvzc0xQvsLgBJnZ62S5xzPmY9E-data-for-countries-etc-by-year
percit_500k_1m,Population in cities with 500k  to 1m people (% total population),"[geo:country,time:time]","{timeInColumns:FALSE, hasNameColumn:TRUE,nameColumn:“B”}",1ccBxDTT5J9k3ZJbUmuvzc0xQvsLgBJnZ62S5xzPmY9E-data-for-countries-etc-by-year
percit_1_5m,Population in cities with 1 to 5m people (% total population),"[geo:country,time:time]","{timeInColumns:FALSE, hasNameColumn:TRUE,nameColumn:“B”}",1ccBxDTT5J9k3ZJbUmuvzc0xQvsLgBJnZ62S5xzPmY9E-data-for-countries-etc-by-year
percit_5_10m,Population in cities with 5 to 10m people (% total population),"[geo:country,time:time]","{timeInColumns:FALSE, hasNameColumn:TRUE,nameColumn:“B”}",1ccBxDTT5J9k3ZJbUmuvzc0xQvsLgBJnZ62S5xzPmY9E-data-for-countries-etc-by-year
percit_more_10m,Population in cities with more than 10m people (% total population),"[geo:country,time:time]","{timeInColumns:FALSE, hasNameColumn:TRUE,nameColumn:“B”}",1ccBxDTT5J9k3ZJbUmuvzc0xQvsLgBJnZ62S5xzPmY9E-data-for-countries-etc-by-year
percit_less_300k,Population in cities with less than 300k people (% total population),"[geo:world_4region,time:time]","{timeInColumns:FALSE, hasNameColumn:TRUE,nameColumn:“B”}",1ccBxDTT5J9k3ZJbUmuvzc0xQvsLgBJnZ62S5xzPmY9E-data-for-regions-by-year
percit_300_500k,Population in cities with 300k to 500k people (% total population),"[geo:world_4region,time:time]","{timeInColumns:FALSE, hasNameColumn:TRUE,nameColumn:“B”}",1ccBxDTT5J9k3ZJbUmuvzc0xQvsLgBJnZ62S5xzPmY9E-data-for-regions-by-year
percit_500k_1m,Population in cities with 500k  to 1m people (% total population),"[geo:world_4region,time:time]","{timeInColumns:FALSE, hasNameColumn:TRUE,nameColumn:“B”}",1ccBxDTT5J9k3ZJbUmuvzc0xQvsLgBJnZ62S5xzPmY9E-data-for-regions-by-year
percit_1_5m,Population in cities with 1 to 5m people (% total population),"[geo:world_4region,time:time]","{timeInColumns:FALSE, hasNameColumn:TRUE,nameColumn:“B”}",1ccBxDTT5J9k3ZJbUmuvzc0xQvsLgBJnZ62S5xzPmY9E-data-for-regions-by-year
percit_5_10m,Population in cities with 5 to 10m people (% total population),"[geo:world_4region,time:time]","{timeInColumns:FALSE, hasNameColumn:TRUE,nameColumn:“B”}",1ccBxDTT5J9k3ZJbUmuvzc0xQvsLgBJnZ62S5xzPmY9E-data-for-regions-by-year
percit_more_10m,Population in cities with more than 10m people (% total population),"[geo:world_4region,time:time]","{timeInColumns:FALSE, hasNameColumn:TRUE,nameColumn:“B”}",1ccBxDTT5J9k3ZJbUmuvzc0xQvsLgBJnZ62S5xzPmY9E-data-for-regions-by-year
fisfod_cons_pc,Fish and seafood consumption per capita,"[geo:country,time:time]","{timeInColumns:FALSE, hasNameColumn:TRUE,nameColumn:“B”}",1tvfOYxFXG-PSNAkSr7o7pxuvByCtXdidgp7zutiUSn0-data-for-countries-etc-by-year
fisfod_cons_pc,Fish and seafood consumption per capita,"[geo:world_4region,time:time]","{timeInColumns:FALSE, hasNameColumn:TRUE,nameColumn:“B”}",1tvfOYxFXG-PSNAkSr7o7pxuvByCtXdidgp7zutiUSn0-data-for-regions-by-year
fisfod_cons_pc,Fish and seafood consumption per capita,"[geo:global,time:time]","{timeInColumns:FALSE, hasNameColumn:TRUE,nameColumn:“B”}",1tvfOYxFXG-PSNAkSr7o7pxuvByCtXdidgp7zutiUSn0-data-for-world-by-year
oil_sp_qty,Quantity of oil spilt,"[geo:global,time:time]","{timeInColumns:FALSE, hasNameColumn:TRUE,nameColumn:“B”}",163EbX30APOnfTPEGbqc1pOaCuzoXjusmBYJySYGAxYk-data-for-world-by-year
oil_sp_med_num,Number of medium size oil spills,"[geo:global,time:time]","{timeInColumns:FALSE, hasNameColumn:TRUE,nameColumn:“B”}",163EbX30APOnfTPEGbqc1pOaCuzoXjusmBYJySYGAxYk-data-for-world-by-year
oil_sp_lar_num,Number of large oil spills,"[geo:global,time:time]","{timeInColumns:FALSE, hasNameColumn:TRUE,nameColumn:“B”}",163EbX30APOnfTPEGbqc1pOaCuzoXjusmBYJySYGAxYk-data-for-world-by-year
oil_sp_tot_num,Number of medium and large oil spills,"[geo:global,time:time]","{timeInColumns:FALSE, hasNameColumn:TRUE,nameColumn:“B”}",163EbX30APOnfTPEGbqc1pOaCuzoXjusmBYJySYGAxYk-data-for-world-by-year
pirats_bo,Pirate attacks on boats,"[geo:country,time:time]","{timeInColumns:FALSE, hasNameColumn:TRUE,nameColumn:“B”}",1KBGI42s5wNCqpcv0vGxhtGOPzd2Y-UNvshdzyrNtrZQ-data-for-countries-etc-by-year
pirats_bo,Pirate attacks on boats,"[geo:global,time:time]","{timeInColumns:FALSE, hasNameColumn:TRUE,nameColumn:“B”}",1KBGI42s5wNCqpcv0vGxhtGOPzd2Y-UNvshdzyrNtrZQ-data-for-world-by-year
un_peakeeper_num,Number of UN peacekeepers,"[geo:country,time:time]","{timeInColumns:FALSE, hasNameColumn:TRUE,nameColumn:“B”}",1YDKikuRZIo5Y6e53_hDOlCrdSeyz05dpCYOqXGRSubI-data-for-countries-etc-by-year
un_peakeeper_num,Number of UN peacekeepers,"[geo:world_4region,time:time]","{timeInColumns:FALSE, hasNameColumn:TRUE,nameColumn:“B”}",1YDKikuRZIo5Y6e53_hDOlCrdSeyz05dpCYOqXGRSubI-data-for-regions-by-year
un_peakeeper_num,Number of UN peacekeepers,"[geo:global,time:time]","{timeInColumns:FALSE, hasNameColumn:TRUE,nameColumn:“B”}",1YDKikuRZIo5Y6e53_hDOlCrdSeyz05dpCYOqXGRSubI-data-for-world-by-year
un_peakeeper_rate,UN peacekeepers rate,"[geo:country,time:time]","{timeInColumns:FALSE, hasNameColumn:TRUE,nameColumn:“B”}",1YDKikuRZIo5Y6e53_hDOlCrdSeyz05dpCYOqXGRSubI-data-for-countries-etc-by-year
un_peakeeper_rate,UN peacekeepers rate,"[geo:world_4region,time:time]","{timeInColumns:FALSE, hasNameColumn:TRUE,nameColumn:“B”}",1YDKikuRZIo5Y6e53_hDOlCrdSeyz05dpCYOqXGRSubI-data-for-regions-by-year
un_peakeeper_rate,UN peacekeepers rate,"[geo:global,time:time]","{timeInColumns:FALSE, hasNameColumn:TRUE,nameColumn:“B”}",1YDKikuRZIo5Y6e53_hDOlCrdSeyz05dpCYOqXGRSubI-data-for-world-by-year
immigrant_n,Immigrant stock,"[geo:country,time:time]","{timeInColumns:FALSE, hasNameColumn:TRUE,nameColumn:“B”}",1hvP9tgZVAHLZyt2_b-J3HFv10EvLqBslJex8DGS6NWg-data-for-countries-etc-by-year
emigrant_n,Emigrant stock,"[geo:country,time:time]","{timeInColumns:FALSE, hasNameColumn:TRUE,nameColumn:“B”}",1hvP9tgZVAHLZyt2_b-J3HFv10EvLqBslJex8DGS6NWg-data-for-countries-etc-by-year
immigrant_pc,Immigrant stock share,"[geo:country,time:time]","{timeInColumns:FALSE, hasNameColumn:TRUE,nameColumn:“B”}",1hvP9tgZVAHLZyt2_b-J3HFv10EvLqBslJex8DGS6NWg-data-for-countries-etc-by-year
emigrant_pc,Emigrant stock share,"[geo:country,time:time]","{timeInColumns:FALSE, hasNameColumn:TRUE,nameColumn:“B”}",1hvP9tgZVAHLZyt2_b-J3HFv10EvLqBslJex8DGS6NWg-data-for-countries-etc-by-year
immigrant_n,Immigrant stock,"[geo:world_4region,time:time]","{timeInColumns:FALSE, hasNameColumn:TRUE,nameColumn:“B”}",1hvP9tgZVAHLZyt2_b-J3HFv10EvLqBslJex8DGS6NWg-data-for-regions-by-year
emigrant_n,Emigrant stock,"[geo:world_4region,time:time]","{timeInColumns:FALSE, hasNameColumn:TRUE,nameColumn:“B”}",1hvP9tgZVAHLZyt2_b-J3HFv10EvLqBslJex8DGS6NWg-data-for-regions-by-year
immigrant_pc,Immigrant stock share,"[geo:world_4region,time:time]","{timeInColumns:FALSE, hasNameColumn:TRUE,nameColumn:“B”}",1hvP9tgZVAHLZyt2_b-J3HFv10EvLqBslJex8DGS6NWg-data-for-regions-by-year
emigrant_pc,Emigrant stock share,"[geo:world_4region,time:time]","{timeInColumns:FALSE, hasNameColumn:TRUE,nameColumn:“B”}",1hvP9tgZVAHLZyt2_b-J3HFv10EvLqBslJex8DGS6NWg-data-for-regions-by-year
legs_sexhw,Legal status of sexual harrassment in employement,"[geo:country,time:time]","{timeInColumns:FALSE, hasNameColumn:TRUE,nameColumn:“B”}",1_pL9cCYB1d0zcdojT4wITXbrzI5SWj5kY5TpjXOp-ws-data-for-countries-etc-by-year
nc_sexhw_pc,Share of countries with legislation on sexual harassment in employment,"[geo:world_4region,time:time]","{timeInColumns:FALSE, hasNameColumn:TRUE,nameColumn:“B”}",1_pL9cCYB1d0zcdojT4wITXbrzI5SWj5kY5TpjXOp-ws-data-for-regions-by-year
nc_sexhw_pc,Share of countries with legislation on sexual harassment in employment,"[geo:global,time:time]","{timeInColumns:FALSE, hasNameColumn:TRUE,nameColumn:“B”}",1ksl1-LzVnMUSrzkMmTIllG_bad5k4a-Ri_JjFbm72h8-data-for-world-by-year
perceived_progress,perceived_progress,"[geo:country,time:time]","{timeInColumns:FALSE, hasNameColumn:TRUE,nameColumn:“B”}",1DLTQ0ngkTHnvis_Zal4_FTr9u86JAs70glMrZBtjeVU-data-for-countries-etc-by-year
actual_progress,actual_progress,"[geo:country,time:time]","{timeInColumns:FALSE, hasNameColumn:TRUE,nameColumn:“B”}",1DLTQ0ngkTHnvis_Zal4_FTr9u86JAs70glMrZBtjeVU-data-for-countries-etc-by-year
gapminder_index,gapminder_index,"[geo:country,time:time]","{timeInColumns:FALSE, hasNameColumn:TRUE,nameColumn:“B”}",1DLTQ0ngkTHnvis_Zal4_FTr9u86JAs70glMrZBtjeVU-data-for-countries-etc-by-year
gnicap_atm_con,GNI per capita (Constant USD),"[geo:country,time:time]","{timeInColumns:FALSE, hasNameColumn:TRUE,nameColumn:“B”}",1JgkyFX8GSg71mipcQhftPqiT2rUNifOdT1feT1mkQDY-data-for-countries-etc-by-year
partner_violence,Intimate Partner Violence,"[geo:country,time:time]","{timeInColumns:FALSE, hasNameColumn:TRUE,nameColumn:“B”}",19M1JfyHYEUnHAVdBdSKaLw7cMosljC_8byCPB9mkjhY-data-for-countries-etc-by-year
ndisasd_tot,Natural disaster deaths per year,"[geo:country,time:time]","{timeInColumns:FALSE, hasNameColumn:TRUE,nameColumn:“B”}",1mCQ1Ir58Jqi1mnk7-PNNb411VaplQ-cKPuO_OQPIoxI-data-for-countries-etc-by-year
ndisasd_noep_tot,"Natural disaster deaths excluding epidemics, per year","[geo:country,time:time]","{timeInColumns:FALSE, hasNameColumn:TRUE,nameColumn:“B”}",1mCQ1Ir58Jqi1mnk7-PNNb411VaplQ-cKPuO_OQPIoxI-data-for-countries-etc-by-year
cc_vser_t_per,See climate change as a serious threat (% of population),"[geo:global,time:time]","{timeInColumns:FALSE, hasNameColumn:TRUE,nameColumn:“B”}",1coShn1xBg_b0yBa32S1DqNyLExQyQZ_G6lE8ippvWSk-data-for-world-by-year
cc_somw_t_per,See climate change as a somewhat serious threat (% of population),"[geo:global,time:time]","{timeInColumns:FALSE, hasNameColumn:TRUE,nameColumn:“B”}",1coShn1xBg_b0yBa32S1DqNyLExQyQZ_G6lE8ippvWSk-data-for-world-by-year
cc_vser_somw_t_per,See climate change as a threat (% of population),"[geo:global,time:time]","{timeInColumns:FALSE, hasNameColumn:TRUE,nameColumn:“B”}",1coShn1xBg_b0yBa32S1DqNyLExQyQZ_G6lE8ippvWSk-data-for-world-by-year
cc_vser_t_per,See climate change as a serious threat (% of population),"[geo:country,time:time]","{timeInColumns:FALSE, hasNameColumn:TRUE,nameColumn:“B”}",1coShn1xBg_b0yBa32S1DqNyLExQyQZ_G6lE8ippvWSk-data-for-countries-etc-by-year
cc_somw_t_per,See climate change as a somewhat serious threat (% of population),"[geo:country,time:time]","{timeInColumns:FALSE, hasNameColumn:TRUE,nameColumn:“B”}",1coShn1xBg_b0yBa32S1DqNyLExQyQZ_G6lE8ippvWSk-data-for-countries-etc-by-year
cc_vser_somw_t_per,See climate change as a threat (% of population),"[geo:country,time:time]","{timeInColumns:FALSE, hasNameColumn:TRUE,nameColumn:“B”}",1coShn1xBg_b0yBa32S1DqNyLExQyQZ_G6lE8ippvWSk-data-for-countries-etc-by-year
npl,National poverty line,"[geo:country,time:time]","{timeInColumns:FALSE, hasNameColumn:TRUE,nameColumn:“B”}",1ip5eftTzJ3grJ-03fxqTyzr4nmDB9bPWjrIizBoy7Kg-data-for-countries-etc-by-year
gini_2100,gini_2100,"[geo:country,time:time]","{timeInColumns:FALSE, hasNameColumn:TRUE,nameColumn:“B”}",18oDZZV2T0DZYsx-5qa9yAsgfm1MhRxq6swhvLMp-iGw-data-for-countries-etc-by-year
mhhinc,household_income,"[geo:country,time:time]","{timeInColumns:FALSE, hasNameColumn:TRUE,nameColumn:“B”}",18oDZZV2T0DZYsx-5qa9yAsgfm1MhRxq6swhvLMp-iGw-data-for-countries-etc-by-year
terr_emissions,Territorial Emissions,"[geo:country,time:time]","{timeInColumns:FALSE, hasNameColumn:TRUE,nameColumn:“B”}",1bLhp_nVqNu2YJ6z5JpA_1Dy8VORw5LU9tL6c01eZkKk-data-for-countries-etc-by-year
cons_emissions,Consumption Emissions,"[geo:country,time:time]","{timeInColumns:FALSE, hasNameColumn:TRUE,nameColumn:“B”}",1bLhp_nVqNu2YJ6z5JpA_1Dy8VORw5LU9tL6c01eZkKk-data-for-countries-etc-by-year
transfer_emissions,Emissions Transfers,"[geo:country,time:time]","{timeInColumns:FALSE, hasNameColumn:TRUE,nameColumn:“B”}",1bLhp_nVqNu2YJ6z5JpA_1Dy8VORw5LU9tL6c01eZkKk-data-for-countries-etc-by-year
c_emission_cap,Consumption Emissions per Capita,"[geo:country,time:time]","{timeInColumns:FALSE, hasNameColumn:TRUE,nameColumn:“B”}",1bLhp_nVqNu2YJ6z5JpA_1Dy8VORw5LU9tL6c01eZkKk-data-for-countries-etc-by-year
co2_pcap_cons,CO2 per Cap (Consumption),"[geo:country,time:time]","{timeInColumns:FALSE, hasNameColumn:TRUE,nameColumn:“B”}",1t_GOXGrXQgSasIB7dWfRrq9dkqjrqwy3xHvywH7ah1A-data-for-countries-etc-by-year
co2_cons,CO2 Emissions total (Consumption),"[geo:country,time:time]","{timeInColumns:FALSE, hasNameColumn:TRUE,nameColumn:“B”}",1t_GOXGrXQgSasIB7dWfRrq9dkqjrqwy3xHvywH7ah1A-data-for-countries-etc-by-year
co2_pcap_terr,CO2 per Cap (Territorial),"[geo:country,time:time]","{timeInColumns:FALSE, hasNameColumn:TRUE,nameColumn:“B”}",11YXbHov2h0Gk-8oC1VrakT4SSjPFKhbV5zEHIkyNtRQ-data-for-countries-etc-by-year
co2_terr,CO2 Emissions total (Territorial),"[geo:country,time:time]","{timeInColumns:FALSE, hasNameColumn:TRUE,nameColumn:“B”}",11YXbHov2h0Gk-8oC1VrakT4SSjPFKhbV5zEHIkyNtRQ-data-for-countries-etc-by-year
carbonfp_pcap,National carbon footprint,"[geo:country,time:time]","{timeInColumns:FALSE, hasNameColumn:TRUE,nameColumn:“B”}",1TQXa62vo3WKM499neWOQAPsyyPuzwn-CMnUDFCA8Dgo-data-for-countries-etc-by-year
cemission_cap,Global Carbon Project,"[geo:country,time:time]","{timeInColumns:FALSE, hasNameColumn:TRUE,nameColumn:“B”}",1TQXa62vo3WKM499neWOQAPsyyPuzwn-CMnUDFCA8Dgo-data-for-countries-etc-by-year
gdp_pcap,Income per person,"[geo:country,time:time]","{timeInColumns:FALSE, hasNameColumn:TRUE,nameColumn:“B”}",1QCO--GBHfyAkDqCxpTW8dnpOrpXGBI3kmMIGgtmZCzA-data-for-countries-etc-by-year
gdp_pcap,Income per person,"[geo:global,time:time]","{timeInColumns:FALSE, hasNameColumn:TRUE,nameColumn:“B”}",1QCO--GBHfyAkDqCxpTW8dnpOrpXGBI3kmMIGgtmZCzA-data-for-world-by-year
lex,Life expectancy,"[geo:country,time:time]","{timeInColumns:FALSE, hasNameColumn:TRUE,nameColumn:“B”}",1RehxZjXd7_rG8v2pJYV6aY0J3LAsgUPDQnbY4dRdiSs-data-for-countries-etc-by-year
lex,Life expectancy,"[geo:world_4region,time:time]","{timeInColumns:FALSE, hasNameColumn:TRUE,nameColumn:“B”}",1RehxZjXd7_rG8v2pJYV6aY0J3LAsgUPDQnbY4dRdiSs-data-for-regions-by-year
lex,Life expectancy,"[geo:global,time:time]","{timeInColumns:FALSE, hasNameColumn:TRUE,nameColumn:“B”}",1RehxZjXd7_rG8v2pJYV6aY0J3LAsgUPDQnbY4dRdiSs-data-for-world-by-year
pop,Population,"[geo:country,time:time]","{timeInColumns:FALSE, hasNameColumn:TRUE,nameColumn:“B”}",11qDjnPu2BlFFegwpPl3CcyZtfiYT4R2seU_IcIcJkHM-data-for-countries-etc-by-year
pop,Population,"[geo:world_4region,time:time]","{timeInColumns:FALSE, hasNameColumn:TRUE,nameColumn:“B”}",11qDjnPu2BlFFegwpPl3CcyZtfiYT4R2seU_IcIcJkHM-data-for-regions-by-year
pop,Population,"[geo:global,time:time]","{timeInColumns:FALSE, hasNameColumn:TRUE,nameColumn:“B”}",11qDjnPu2BlFFegwpPl3CcyZtfiYT4R2seU_IcIcJkHM-data-for-world-by-year
un_member_status,UN members,"[geo:country,time:time]","{timeInColumns:FALSE, hasNameColumn:TRUE,nameColumn:“B”}",1q9KUfgCyCYre-mRIXUQuh58aApuiJGCRMjc2viadC50-data-for-countries-etc-by-year
number_of_child_deaths,Child deaths,"[geo:country,time:time]","{timeInColumns:FALSE, hasNameColumn:TRUE,nameColumn:“B”}",1GrC4DMuT0WFvBOrUOBZqQpU7c8dPFLMLzp9PbtFml2M-data-for-countries-etc-by-year
child_mortality_0_5_year_olds_dying_per_1000_born,Child mortality,"[geo:country,time:time]","{timeInColumns:FALSE, hasNameColumn:TRUE,nameColumn:“B”}",1RghEVLmEnpJQrBdldELHhS6tN-tGYGq2LyqgpzfronM-data-for-countries-etc-by-year
child_mortality_0_5_year_olds_dying_per_1000_born,Child mortality,"[geo:global,time:time]","{timeInColumns:FALSE, hasNameColumn:TRUE,nameColumn:“B”}",1RghEVLmEnpJQrBdldELHhS6tN-tGYGq2LyqgpzfronM-data-for-world-by-year
child_mortality_0_5_year_olds_dying_per_1000_born,Child mortality,"[geo:world_4region,time:time]","{timeInColumns:FALSE, hasNameColumn:TRUE,nameColumn:“B”}",1RghEVLmEnpJQrBdldELHhS6tN-tGYGq2LyqgpzfronM-data-for-regions-by-year
population_aged_0_4_years_both_sexes_percent,"Population aged 0-4, both sexes (%)","[geo:geo,time:time]","{timeInColumns:FALSE, hasNameColumn:TRUE,nameColumn:“B”}",1oDXyF2u03a5AA_CPdsXQgYV08WYOLAOezaYjpGoTm1g-data-for-countries-etc-by-year
population_aged_0_4_years_female_percent,"Population aged 0-4, female (%)","[geo:geo,time:time]","{timeInColumns:FALSE, hasNameColumn:TRUE,nameColumn:“B”}",1oDXyF2u03a5AA_CPdsXQgYV08WYOLAOezaYjpGoTm1g-data-for-countries-etc-by-year
population_aged_0_4_years_male_percent,"Population aged 0-4, male (%)","[geo:geo,time:time]","{timeInColumns:FALSE, hasNameColumn:TRUE,nameColumn:“B”}",1oDXyF2u03a5AA_CPdsXQgYV08WYOLAOezaYjpGoTm1g-data-for-countries-etc-by-year
population_aged_0_4_years_total_number,"Population aged 0-4, total number","[geo:geo,time:time]","{timeInColumns:FALSE, hasNameColumn:TRUE,nameColumn:“B”}",1oDXyF2u03a5AA_CPdsXQgYV08WYOLAOezaYjpGoTm1g-data-for-countries-etc-by-year
population_aged_0_14_years_both_sexes_percent,"Population aged 0-14, both sexes (%)","[geo:geo,time:time]","{timeInColumns:FALSE, hasNameColumn:TRUE,nameColumn:“B”}",1oDXyF2u03a5AA_CPdsXQgYV08WYOLAOezaYjpGoTm1g-data-for-countries-etc-by-year
population_aged_0_14_years_female_percent,"Population aged 0-14, female (%)","[geo:geo,time:time]","{timeInColumns:FALSE, hasNameColumn:TRUE,nameColumn:“B”}",1oDXyF2u03a5AA_CPdsXQgYV08WYOLAOezaYjpGoTm1g-data-for-countries-etc-by-year
population_aged_0_14_years_male_percent,"Population aged 0-14, male (%)","[geo:geo,time:time]","{timeInColumns:FALSE, hasNameColumn:TRUE,nameColumn:“B”}",1oDXyF2u03a5AA_CPdsXQgYV08WYOLAOezaYjpGoTm1g-data-for-countries-etc-by-year
population_aged_0_14_years_total_number,"Population aged 0-14, total number","[geo:geo,time:time]","{timeInColumns:FALSE, hasNameColumn:TRUE,nameColumn:“B”}",1oDXyF2u03a5AA_CPdsXQgYV08WYOLAOezaYjpGoTm1g-data-for-countries-etc-by-year
population_aged_10_14_years_both_sexes_percent,"Population aged 10-14, both sexes (%)","[geo:geo,time:time]","{timeInColumns:FALSE, hasNameColumn:TRUE,nameColumn:“B”}",1oDXyF2u03a5AA_CPdsXQgYV08WYOLAOezaYjpGoTm1g-data-for-countries-etc-by-year
population_aged_10_14_years_female_percent,"Population aged 10-14, female (%)","[geo:geo,time:time]","{timeInColumns:FALSE, hasNameColumn:TRUE,nameColumn:“B”}",1oDXyF2u03a5AA_CPdsXQgYV08WYOLAOezaYjpGoTm1g-data-for-countries-etc-by-year
population_aged_10_14_years_male_percent,"Population aged 10-14, male (%)","[geo:geo,time:time]","{timeInColumns:FALSE, hasNameColumn:TRUE,nameColumn:“B”}",1oDXyF2u03a5AA_CPdsXQgYV08WYOLAOezaYjpGoTm1g-data-for-countries-etc-by-year
population_aged_10_14_years_total_number,"Population aged 10-14, total number","[geo:geo,time:time]","{timeInColumns:FALSE, hasNameColumn:TRUE,nameColumn:“B”}",1oDXyF2u03a5AA_CPdsXQgYV08WYOLAOezaYjpGoTm1g-data-for-countries-etc-by-year
population_aged_15_19_years_both_sexes_percent,"Population aged 15-19, both sexes (%)","[geo:geo,time:time]","{timeInColumns:FALSE, hasNameColumn:TRUE,nameColumn:“B”}",1oDXyF2u03a5AA_CPdsXQgYV08WYOLAOezaYjpGoTm1g-data-for-countries-etc-by-year
population_aged_15_19_years_female_percent,"Population aged 15-19, female (%)","[geo:geo,time:time]","{timeInColumns:FALSE, hasNameColumn:TRUE,nameColumn:“B”}",1oDXyF2u03a5AA_CPdsXQgYV08WYOLAOezaYjpGoTm1g-data-for-countries-etc-by-year
population_aged_15_19_years_male_percent,"Population aged 15-19, male (%)","[geo:geo,time:time]","{timeInColumns:FALSE, hasNameColumn:TRUE,nameColumn:“B”}",1oDXyF2u03a5AA_CPdsXQgYV08WYOLAOezaYjpGoTm1g-data-for-countries-etc-by-year
population_aged_15_19_years_total_number,"Population aged 15-19, total number","[geo:geo,time:time]","{timeInColumns:FALSE, hasNameColumn:TRUE,nameColumn:“B”}",1oDXyF2u03a5AA_CPdsXQgYV08WYOLAOezaYjpGoTm1g-data-for-countries-etc-by-year
population_aged_20_39_years_both_sexes_percent,"Population aged 20-39, both sexes (%)","[geo:geo,time:time]","{timeInColumns:FALSE, hasNameColumn:TRUE,nameColumn:“B”}",1oDXyF2u03a5AA_CPdsXQgYV08WYOLAOezaYjpGoTm1g-data-for-countries-etc-by-year
population_aged_20_39_years_female_percent,"Population aged 20-39, female (%)","[geo:geo,time:time]","{timeInColumns:FALSE, hasNameColumn:TRUE,nameColumn:“B”}",1oDXyF2u03a5AA_CPdsXQgYV08WYOLAOezaYjpGoTm1g-data-for-countries-etc-by-year
population_aged_20_39_years_male_percent,"Population aged 20-39, male (%)","[geo:geo,time:time]","{timeInColumns:FALSE, hasNameColumn:TRUE,nameColumn:“B”}",1oDXyF2u03a5AA_CPdsXQgYV08WYOLAOezaYjpGoTm1g-data-for-countries-etc-by-year
population_aged_20_39_years_total_number,"Population aged 20-39, total number","[geo:geo,time:time]","{timeInColumns:FALSE, hasNameColumn:TRUE,nameColumn:“B”}",1oDXyF2u03a5AA_CPdsXQgYV08WYOLAOezaYjpGoTm1g-data-for-countries-etc-by-year
population_aged_40_59_years_both_sexes_percent,"Population aged 40-59, both sexes (%)","[geo:geo,time:time]","{timeInColumns:FALSE, hasNameColumn:TRUE,nameColumn:“B”}",1oDXyF2u03a5AA_CPdsXQgYV08WYOLAOezaYjpGoTm1g-data-for-countries-etc-by-year
population_aged_40_59_years_female_percent,"Population aged 40-59, female (%)","[geo:geo,time:time]","{timeInColumns:FALSE, hasNameColumn:TRUE,nameColumn:“B”}",1oDXyF2u03a5AA_CPdsXQgYV08WYOLAOezaYjpGoTm1g-data-for-countries-etc-by-year
population_aged_40_59_years_male_percent,"Population aged 40-59, male (%)","[geo:geo,time:time]","{timeInColumns:FALSE, hasNameColumn:TRUE,nameColumn:“B”}",1oDXyF2u03a5AA_CPdsXQgYV08WYOLAOezaYjpGoTm1g-data-for-countries-etc-by-year
population_aged_40_59_years_total_number,"Population aged 40-59, total number","[geo:geo,time:time]","{timeInColumns:FALSE, hasNameColumn:TRUE,nameColumn:“B”}",1oDXyF2u03a5AA_CPdsXQgYV08WYOLAOezaYjpGoTm1g-data-for-countries-etc-by-year
population_aged_5_9_years_both_sexes_percent,"Population aged 5-9, both sexes (%)","[geo:geo,time:time]","{timeInColumns:FALSE, hasNameColumn:TRUE,nameColumn:“B”}",1oDXyF2u03a5AA_CPdsXQgYV08WYOLAOezaYjpGoTm1g-data-for-countries-etc-by-year
population_aged_5_9_years_female_percent,"Population aged 5-9, female (%)","[geo:geo,time:time]","{timeInColumns:FALSE, hasNameColumn:TRUE,nameColumn:“B”}",1oDXyF2u03a5AA_CPdsXQgYV08WYOLAOezaYjpGoTm1g-data-for-countries-etc-by-year
population_aged_5_9_years_male_percent,"Population aged 5-9, male (%)","[geo:geo,time:time]","{timeInColumns:FALSE, hasNameColumn:TRUE,nameColumn:“B”}",1oDXyF2u03a5AA_CPdsXQgYV08WYOLAOezaYjpGoTm1g-data-for-countries-etc-by-year
population_aged_5_9_years_total_number,"Population aged 5-9, total number","[geo:geo,time:time]","{timeInColumns:FALSE, hasNameColumn:TRUE,nameColumn:“B”}",1oDXyF2u03a5AA_CPdsXQgYV08WYOLAOezaYjpGoTm1g-data-for-countries-etc-by-year
population_aged_60plus_years_both_sexes_percent,"Population aged 60+, both sexes (%)","[geo:geo,time:time]","{timeInColumns:FALSE, hasNameColumn:TRUE,nameColumn:“B”}",1oDXyF2u03a5AA_CPdsXQgYV08WYOLAOezaYjpGoTm1g-data-for-countries-etc-by-year
population_aged_60plus_years_female_percent,"Population aged 60+, female (%)","[geo:geo,time:time]","{timeInColumns:FALSE, hasNameColumn:TRUE,nameColumn:“B”}",1oDXyF2u03a5AA_CPdsXQgYV08WYOLAOezaYjpGoTm1g-data-for-countries-etc-by-year
population_aged_60plus_years_male_percent,"Population aged 60+, male (%)","[geo:geo,time:time]","{timeInColumns:FALSE, hasNameColumn:TRUE,nameColumn:“B”}",1oDXyF2u03a5AA_CPdsXQgYV08WYOLAOezaYjpGoTm1g-data-for-countries-etc-by-year
population_aged_60plus_years_total_number,"Population aged 60+, total number","[geo:geo,time:time]","{timeInColumns:FALSE, hasNameColumn:TRUE,nameColumn:“B”}",1oDXyF2u03a5AA_CPdsXQgYV08WYOLAOezaYjpGoTm1g-data-for-countries-etc-by-year
population_aged_65plus_years_both_sexes_percent,"Population aged 65+, both sexes (%)","[geo:geo,time:time]","{timeInColumns:FALSE, hasNameColumn:TRUE,nameColumn:“B”}",1oDXyF2u03a5AA_CPdsXQgYV08WYOLAOezaYjpGoTm1g-data-for-countries-etc-by-year
population_aged_65plus_years_female_percent,"Population aged 65+, female (%)","[geo:geo,time:time]","{timeInColumns:FALSE, hasNameColumn:TRUE,nameColumn:“B”}",1oDXyF2u03a5AA_CPdsXQgYV08WYOLAOezaYjpGoTm1g-data-for-countries-etc-by-year
population_aged_65plus_years_male_percent,"Population aged 65+, male (%)","[geo:geo,time:time]","{timeInColumns:FALSE, hasNameColumn:TRUE,nameColumn:“B”}",1oDXyF2u03a5AA_CPdsXQgYV08WYOLAOezaYjpGoTm1g-data-for-countries-etc-by-year
population_aged_65plus_years_total_number,"Population aged 65+, total number","[geo:geo,time:time]","{timeInColumns:FALSE, hasNameColumn:TRUE,nameColumn:“B”}",1oDXyF2u03a5AA_CPdsXQgYV08WYOLAOezaYjpGoTm1g-data-for-countries-etc-by-year
population_aged_70plus_years_both_sexes_percent,"Population aged 70+, both sexes (%)","[geo:geo,time:time]","{timeInColumns:FALSE, hasNameColumn:TRUE,nameColumn:“B”}",1oDXyF2u03a5AA_CPdsXQgYV08WYOLAOezaYjpGoTm1g-data-for-countries-etc-by-year
population_aged_70plus_years_female_percent,"Population aged 70+, female (%)","[geo:geo,time:time]","{timeInColumns:FALSE, hasNameColumn:TRUE,nameColumn:“B”}",1oDXyF2u03a5AA_CPdsXQgYV08WYOLAOezaYjpGoTm1g-data-for-countries-etc-by-year
population_aged_70plus_years_male_percent,"Population aged 70+, male (%)","[geo:geo,time:time]","{timeInColumns:FALSE, hasNameColumn:TRUE,nameColumn:“B”}",1oDXyF2u03a5AA_CPdsXQgYV08WYOLAOezaYjpGoTm1g-data-for-countries-etc-by-year
population_aged_70plus_years_total_number,"Population aged 70+, total number","[geo:geo,time:time]","{timeInColumns:FALSE, hasNameColumn:TRUE,nameColumn:“B”}",1oDXyF2u03a5AA_CPdsXQgYV08WYOLAOezaYjpGoTm1g-data-for-countries-etc-by-year
pop_income_group,Population of Income Groups,"[geo:income_groups,time:time]","{timeInColumns:FALSE, hasNameColumn:TRUE,nameColumn:“B”}",1zKCiby9REWjFIL63HdnL7AG6LyrvgWcX80JidUMX208-data-for-income_groups-by-year
pop_income_group_percentage,Population of Income Groups (%),"[geo:income_groups,time:time]","{timeInColumns:FALSE, hasNameColumn:TRUE,nameColumn:“B”}",1zKCiby9REWjFIL63HdnL7AG6LyrvgWcX80JidUMX208-data-for-income_groups-by-year
population_aged_0_4_years_both_sexes_percent,"Population aged 0-4, both sexes (%)","[geo:global,time:time]","{timeInColumns:FALSE, hasNameColumn:TRUE,nameColumn:“B”}",1oDXyF2u03a5AA_CPdsXQgYV08WYOLAOezaYjpGoTm1g-data-for-world-by-year
population_aged_0_4_years_female_percent,"Population aged 0-4, female (%)","[geo:global,time:time]","{timeInColumns:FALSE, hasNameColumn:TRUE,nameColumn:“B”}",1oDXyF2u03a5AA_CPdsXQgYV08WYOLAOezaYjpGoTm1g-data-for-world-by-year
population_aged_0_4_years_male_percent,"Population aged 0-4, male (%)","[geo:global,time:time]","{timeInColumns:FALSE, hasNameColumn:TRUE,nameColumn:“B”}",1oDXyF2u03a5AA_CPdsXQgYV08WYOLAOezaYjpGoTm1g-data-for-world-by-year
population_aged_0_4_years_total_number,"Population aged 0-4, total number","[geo:global,time:time]","{timeInColumns:FALSE, hasNameColumn:TRUE,nameColumn:“B”}",1oDXyF2u03a5AA_CPdsXQgYV08WYOLAOezaYjpGoTm1g-data-for-world-by-year
population_aged_0_14_years_both_sexes_percent,"Population aged 0-14, both sexes (%)","[geo:global,time:time]","{timeInColumns:FALSE, hasNameColumn:TRUE,nameColumn:“B”}",1oDXyF2u03a5AA_CPdsXQgYV08WYOLAOezaYjpGoTm1g-data-for-world-by-year
population_aged_0_14_years_female_percent,"Population aged 0-14, female (%)","[geo:global,time:time]","{timeInColumns:FALSE, hasNameColumn:TRUE,nameColumn:“B”}",1oDXyF2u03a5AA_CPdsXQgYV08WYOLAOezaYjpGoTm1g-data-for-world-by-year
population_aged_0_14_years_male_percent,"Population aged 0-14, male (%)","[geo:global,time:time]","{timeInColumns:FALSE, hasNameColumn:TRUE,nameColumn:“B”}",1oDXyF2u03a5AA_CPdsXQgYV08WYOLAOezaYjpGoTm1g-data-for-world-by-year
population_aged_0_14_years_total_number,"Population aged 0-14, total number","[geo:global,time:time]","{timeInColumns:FALSE, hasNameColumn:TRUE,nameColumn:“B”}",1oDXyF2u03a5AA_CPdsXQgYV08WYOLAOezaYjpGoTm1g-data-for-world-by-year
population_aged_10_14_years_both_sexes_percent,"Population aged 10-14, both sexes (%)","[geo:global,time:time]","{timeInColumns:FALSE, hasNameColumn:TRUE,nameColumn:“B”}",1oDXyF2u03a5AA_CPdsXQgYV08WYOLAOezaYjpGoTm1g-data-for-world-by-year
population_aged_10_14_years_female_percent,"Population aged 10-14, female (%)","[geo:global,time:time]","{timeInColumns:FALSE, hasNameColumn:TRUE,nameColumn:“B”}",1oDXyF2u03a5AA_CPdsXQgYV08WYOLAOezaYjpGoTm1g-data-for-world-by-year
population_aged_10_14_years_male_percent,"Population aged 10-14, male (%)","[geo:global,time:time]","{timeInColumns:FALSE, hasNameColumn:TRUE,nameColumn:“B”}",1oDXyF2u03a5AA_CPdsXQgYV08WYOLAOezaYjpGoTm1g-data-for-world-by-year
population_aged_10_14_years_total_number,"Population aged 10-14, total number","[geo:global,time:time]","{timeInColumns:FALSE, hasNameColumn:TRUE,nameColumn:“B”}",1oDXyF2u03a5AA_CPdsXQgYV08WYOLAOezaYjpGoTm1g-data-for-world-by-year
population_aged_15_19_years_both_sexes_percent,"Population aged 15-19, both sexes (%)","[geo:global,time:time]","{timeInColumns:FALSE, hasNameColumn:TRUE,nameColumn:“B”}",1oDXyF2u03a5AA_CPdsXQgYV08WYOLAOezaYjpGoTm1g-data-for-world-by-year
population_aged_15_19_years_female_percent,"Population aged 15-19, female (%)","[geo:global,time:time]","{timeInColumns:FALSE, hasNameColumn:TRUE,nameColumn:“B”}",1oDXyF2u03a5AA_CPdsXQgYV08WYOLAOezaYjpGoTm1g-data-for-world-by-year
population_aged_15_19_years_male_percent,"Population aged 15-19, male (%)","[geo:global,time:time]","{timeInColumns:FALSE, hasNameColumn:TRUE,nameColumn:“B”}",1oDXyF2u03a5AA_CPdsXQgYV08WYOLAOezaYjpGoTm1g-data-for-world-by-year
population_aged_15_19_years_total_number,"Population aged 15-19, total number","[geo:global,time:time]","{timeInColumns:FALSE, hasNameColumn:TRUE,nameColumn:“B”}",1oDXyF2u03a5AA_CPdsXQgYV08WYOLAOezaYjpGoTm1g-data-for-world-by-year
population_aged_20_39_years_both_sexes_percent,"Population aged 20-39, both sexes (%)","[geo:global,time:time]","{timeInColumns:FALSE, hasNameColumn:TRUE,nameColumn:“B”}",1oDXyF2u03a5AA_CPdsXQgYV08WYOLAOezaYjpGoTm1g-data-for-world-by-year
population_aged_20_39_years_female_percent,"Population aged 20-39, female (%)","[geo:global,time:time]","{timeInColumns:FALSE, hasNameColumn:TRUE,nameColumn:“B”}",1oDXyF2u03a5AA_CPdsXQgYV08WYOLAOezaYjpGoTm1g-data-for-world-by-year
population_aged_20_39_years_male_percent,"Population aged 20-39, male (%)","[geo:global,time:time]","{timeInColumns:FALSE, hasNameColumn:TRUE,nameColumn:“B”}",1oDXyF2u03a5AA_CPdsXQgYV08WYOLAOezaYjpGoTm1g-data-for-world-by-year
population_aged_20_39_years_total_number,"Population aged 20-39, total number","[geo:global,time:time]","{timeInColumns:FALSE, hasNameColumn:TRUE,nameColumn:“B”}",1oDXyF2u03a5AA_CPdsXQgYV08WYOLAOezaYjpGoTm1g-data-for-world-by-year
population_aged_40_59_years_both_sexes_percent,"Population aged 40-59, both sexes (%)","[geo:global,time:time]","{timeInColumns:FALSE, hasNameColumn:TRUE,nameColumn:“B”}",1oDXyF2u03a5AA_CPdsXQgYV08WYOLAOezaYjpGoTm1g-data-for-world-by-year
population_aged_40_59_years_female_percent,"Population aged 40-59, female (%)","[geo:global,time:time]","{timeInColumns:FALSE, hasNameColumn:TRUE,nameColumn:“B”}",1oDXyF2u03a5AA_CPdsXQgYV08WYOLAOezaYjpGoTm1g-data-for-world-by-year
population_aged_40_59_years_male_percent,"Population aged 40-59, male (%)","[geo:global,time:time]","{timeInColumns:FALSE, hasNameColumn:TRUE,nameColumn:“B”}",1oDXyF2u03a5AA_CPdsXQgYV08WYOLAOezaYjpGoTm1g-data-for-world-by-year
population_aged_40_59_years_total_number,"Population aged 40-59, total number","[geo:global,time:time]","{timeInColumns:FALSE, hasNameColumn:TRUE,nameColumn:“B”}",1oDXyF2u03a5AA_CPdsXQgYV08WYOLAOezaYjpGoTm1g-data-for-world-by-year
population_aged_5_9_years_both_sexes_percent,"Population aged 5-9, both sexes (%)","[geo:global,time:time]","{timeInColumns:FALSE, hasNameColumn:TRUE,nameColumn:“B”}",1oDXyF2u03a5AA_CPdsXQgYV08WYOLAOezaYjpGoTm1g-data-for-world-by-year
population_aged_5_9_years_female_percent,"Population aged 5-9, female (%)","[geo:global,time:time]","{timeInColumns:FALSE, hasNameColumn:TRUE,nameColumn:“B”}",1oDXyF2u03a5AA_CPdsXQgYV08WYOLAOezaYjpGoTm1g-data-for-world-by-year
population_aged_5_9_years_male_percent,"Population aged 5-9, male (%)","[geo:global,time:time]","{timeInColumns:FALSE, hasNameColumn:TRUE,nameColumn:“B”}",1oDXyF2u03a5AA_CPdsXQgYV08WYOLAOezaYjpGoTm1g-data-for-world-by-year
population_aged_5_9_years_total_number,"Population aged 5-9, total number","[geo:global,time:time]","{timeInColumns:FALSE, hasNameColumn:TRUE,nameColumn:“B”}",1oDXyF2u03a5AA_CPdsXQgYV08WYOLAOezaYjpGoTm1g-data-for-world-by-year
population_aged_60plus_years_both_sexes_percent,"Population aged 60+, both sexes (%)","[geo:global,time:time]","{timeInColumns:FALSE, hasNameColumn:TRUE,nameColumn:“B”}",1oDXyF2u03a5AA_CPdsXQgYV08WYOLAOezaYjpGoTm1g-data-for-world-by-year
population_aged_60plus_years_female_percent,"Population aged 60+, female (%)","[geo:global,time:time]","{timeInColumns:FALSE, hasNameColumn:TRUE,nameColumn:“B”}",1oDXyF2u03a5AA_CPdsXQgYV08WYOLAOezaYjpGoTm1g-data-for-world-by-year
population_aged_60plus_years_male_percent,"Population aged 60+, male (%)","[geo:global,time:time]","{timeInColumns:FALSE, hasNameColumn:TRUE,nameColumn:“B”}",1oDXyF2u03a5AA_CPdsXQgYV08WYOLAOezaYjpGoTm1g-data-for-world-by-year
population_aged_60plus_years_total_number,"Population aged 60+, total number","[geo:global,time:time]","{timeInColumns:FALSE, hasNameColumn:TRUE,nameColumn:“B”}",1oDXyF2u03a5AA_CPdsXQgYV08WYOLAOezaYjpGoTm1g-data-for-world-by-year
population_aged_65plus_years_both_sexes_percent,"Population aged 65+, both sexes (%)","[geo:global,time:time]","{timeInColumns:FALSE, hasNameColumn:TRUE,nameColumn:“B”}",1oDXyF2u03a5AA_CPdsXQgYV08WYOLAOezaYjpGoTm1g-data-for-world-by-year
population_aged_65plus_years_female_percent,"Population aged 65+, female (%)","[geo:global,time:time]","{timeInColumns:FALSE, hasNameColumn:TRUE,nameColumn:“B”}",1oDXyF2u03a5AA_CPdsXQgYV08WYOLAOezaYjpGoTm1g-data-for-world-by-year
population_aged_65plus_years_male_percent,"Population aged 65+, male (%)","[geo:global,time:time]","{timeInColumns:FALSE, hasNameColumn:TRUE,nameColumn:“B”}",1oDXyF2u03a5AA_CPdsXQgYV08WYOLAOezaYjpGoTm1g-data-for-world-by-year
population_aged_65plus_years_total_number,"Population aged 65+, total number","[geo:global,time:time]","{timeInColumns:FALSE, hasNameColumn:TRUE,nameColumn:“B”}",1oDXyF2u03a5AA_CPdsXQgYV08WYOLAOezaYjpGoTm1g-data-for-world-by-year
population_aged_70plus_years_both_sexes_percent,"Population aged 70+, both sexes (%)","[geo:global,time:time]","{timeInColumns:FALSE, hasNameColumn:TRUE,nameColumn:“B”}",1oDXyF2u03a5AA_CPdsXQgYV08WYOLAOezaYjpGoTm1g-data-for-world-by-year
population_aged_70plus_years_female_percent,"Population aged 70+, female (%)","[geo:global,time:time]","{timeInColumns:FALSE, hasNameColumn:TRUE,nameColumn:“B”}",1oDXyF2u03a5AA_CPdsXQgYV08WYOLAOezaYjpGoTm1g-data-for-world-by-year
population_aged_70plus_years_male_percent,"Population aged 70+, male (%)","[geo:global,time:time]","{timeInColumns:FALSE, hasNameColumn:TRUE,nameColumn:“B”}",1oDXyF2u03a5AA_CPdsXQgYV08WYOLAOezaYjpGoTm1g-data-for-world-by-year
population_aged_70plus_years_total_number,"Population aged 70+, total number","[geo:global,time:time]","{timeInColumns:FALSE, hasNameColumn:TRUE,nameColumn:“B”}",1oDXyF2u03a5AA_CPdsXQgYV08WYOLAOezaYjpGoTm1g-data-for-world-by-year
children_per_woman_total_fertility,Babies per woman,"[geo:country,time:time]","{timeInColumns:FALSE, hasNameColumn:TRUE,nameColumn:“B”}",1j6zkY_a1vX7RtIGKsC9V6AXyfUgtYZl52_SCezwESZM-data-for-countries-etc-by-year
children_per_woman_total_fertility,Babies per woman,"[geo:global,time:time]","{timeInColumns:FALSE, hasNameColumn:TRUE,nameColumn:“B”}",1j6zkY_a1vX7RtIGKsC9V6AXyfUgtYZl52_SCezwESZM-data-for-world-by-year
children_per_woman_total_fertility,Babies per woman,"[geo:world_4region,time:time]","{timeInColumns:FALSE, hasNameColumn:TRUE,nameColumn:“B”}",1j6zkY_a1vX7RtIGKsC9V6AXyfUgtYZl52_SCezwESZM-data-for-regions-by-year
cumulative_co2_emissions_tonnes,Cumulative CO2 Emissions (Consumption),"[geo:country,time:time]","{timeInColumns:FALSE, hasNameColumn:TRUE,nameColumn:“B”}",1FLzeh9Z-H2IaQFgQeRUmZnZUZFiB31DKtbdX0Z8poF8-data-for-countries-etc-by-year
gm_epov_rate,Extreme Poverty Rate,"[geo:country,time:time]","{timeInColumns:FALSE, hasNameColumn:TRUE,nameColumn:“B”}",1Vz-W9i2cn35UCVDah4CJkB-9lyiwNywc5pHn5AYHQ2U-data-for-countries-etc-by-year
gm_epov_num,People in extreme poverty,"[geo:country,time:time]","{timeInColumns:FALSE, hasNameColumn:TRUE,nameColumn:“B”}",1Vz-W9i2cn35UCVDah4CJkB-9lyiwNywc5pHn5AYHQ2U-data-for-countries-etc-by-year
gm_365pov_rate,Poverty Rate 3.65,"[geo:country,time:time]","{timeInColumns:FALSE, hasNameColumn:TRUE,nameColumn:“B”}",1Vz-W9i2cn35UCVDah4CJkB-9lyiwNywc5pHn5AYHQ2U-data-for-countries-etc-by-year
gm_365pov_num,People in poverty 3.65,"[geo:country,time:time]","{timeInColumns:FALSE, hasNameColumn:TRUE,nameColumn:“B”}",1Vz-W9i2cn35UCVDah4CJkB-9lyiwNywc5pHn5AYHQ2U-data-for-countries-etc-by-year
gm_685pov_rate,Poverty Rate 6.85,"[geo:country,time:time]","{timeInColumns:FALSE, hasNameColumn:TRUE,nameColumn:“B”}",1Vz-W9i2cn35UCVDah4CJkB-9lyiwNywc5pHn5AYHQ2U-data-for-countries-etc-by-year
gm_685pov_num,People in poverty 6.85,"[geo:country,time:time]","{timeInColumns:FALSE, hasNameColumn:TRUE,nameColumn:“B”}",1Vz-W9i2cn35UCVDah4CJkB-9lyiwNywc5pHn5AYHQ2U-data-for-countries-etc-by-year
gm_notepov_rate,Not in Extreme Poverty Rate,"[geo:country,time:time]","{timeInColumns:FALSE, hasNameColumn:TRUE,nameColumn:“B”}",1qgteaUUIimWRYSfOGg245ZySDX9fjK7602HyAMJXdGE-data-for-countries-etc-by-year
gm_notepov_num,People Not in extreme poverty,"[geo:country,time:time]","{timeInColumns:FALSE, hasNameColumn:TRUE,nameColumn:“B”}",1qgteaUUIimWRYSfOGg245ZySDX9fjK7602HyAMJXdGE-data-for-countries-etc-by-year
gm_not365pov_rate,Not in Poverty Rate 3.65,"[geo:country,time:time]","{timeInColumns:FALSE, hasNameColumn:TRUE,nameColumn:“B”}",1qgteaUUIimWRYSfOGg245ZySDX9fjK7602HyAMJXdGE-data-for-countries-etc-by-year
gm_not365pov_num,People Not in poverty 3.65,"[geo:country,time:time]","{timeInColumns:FALSE, hasNameColumn:TRUE,nameColumn:“B”}",1qgteaUUIimWRYSfOGg245ZySDX9fjK7602HyAMJXdGE-data-for-countries-etc-by-year
gm_not685pov_rate,Not in Poverty Rate 6.85,"[geo:country,time:time]","{timeInColumns:FALSE, hasNameColumn:TRUE,nameColumn:“B”}",1qgteaUUIimWRYSfOGg245ZySDX9fjK7602HyAMJXdGE-data-for-countries-etc-by-year
gm_not685pov_num,People Not in poverty 6.85,"[geo:country,time:time]","{timeInColumns:FALSE, hasNameColumn:TRUE,nameColumn:“B”}",1qgteaUUIimWRYSfOGg245ZySDX9fjK7602HyAMJXdGE-data-for-countries-etc-by-year
gm_epov_rate,Extreme Poverty Rate,"[geo:world_4region,time:time]","{timeInColumns:FALSE, hasNameColumn:TRUE,nameColumn:“B”}",1Vz-W9i2cn35UCVDah4CJkB-9lyiwNywc5pHn5AYHQ2U-data-for-regions-by-year
gm_epov_num,People in extreme poverty,"[geo:world_4region,time:time]","{timeInColumns:FALSE, hasNameColumn:TRUE,nameColumn:“B”}",1Vz-W9i2cn35UCVDah4CJkB-9lyiwNywc5pHn5AYHQ2U-data-for-regions-by-year
gm_365pov_rate,Poverty Rate 3.65,"[geo:world_4region,time:time]","{timeInColumns:FALSE, hasNameColumn:TRUE,nameColumn:“B”}",1Vz-W9i2cn35UCVDah4CJkB-9lyiwNywc5pHn5AYHQ2U-data-for-regions-by-year
gm_365pov_num,People in poverty 3.65,"[geo:world_4region,time:time]","{timeInColumns:FALSE, hasNameColumn:TRUE,nameColumn:“B”}",1Vz-W9i2cn35UCVDah4CJkB-9lyiwNywc5pHn5AYHQ2U-data-for-regions-by-year
gm_685pov_rate,Poverty Rate 6.85,"[geo:world_4region,time:time]","{timeInColumns:FALSE, hasNameColumn:TRUE,nameColumn:“B”}",1Vz-W9i2cn35UCVDah4CJkB-9lyiwNywc5pHn5AYHQ2U-data-for-regions-by-year
gm_685pov_num,People in poverty 6.85,"[geo:world_4region,time:time]","{timeInColumns:FALSE, hasNameColumn:TRUE,nameColumn:“B”}",1Vz-W9i2cn35UCVDah4CJkB-9lyiwNywc5pHn5AYHQ2U-data-for-regions-by-year
gm_notepov_rate,Not in Extreme Poverty Rate,"[geo:world_4region,time:time]","{timeInColumns:FALSE, hasNameColumn:TRUE,nameColumn:“B”}",1qgteaUUIimWRYSfOGg245ZySDX9fjK7602HyAMJXdGE-data-for-regions-by-year
gm_notepov_num,People Not in extreme poverty,"[geo:world_4region,time:time]","{timeInColumns:FALSE, hasNameColumn:TRUE,nameColumn:“B”}",1qgteaUUIimWRYSfOGg245ZySDX9fjK7602HyAMJXdGE-data-for-regions-by-year
gm_not365pov_rate,Not in Poverty Rate 3.65,"[geo:world_4region,time:time]","{timeInColumns:FALSE, hasNameColumn:TRUE,nameColumn:“B”}",1qgteaUUIimWRYSfOGg245ZySDX9fjK7602HyAMJXdGE-data-for-regions-by-year
gm_not365pov_num,People Not in poverty 3.65,"[geo:world_4region,time:time]","{timeInColumns:FALSE, hasNameColumn:TRUE,nameColumn:“B”}",1qgteaUUIimWRYSfOGg245ZySDX9fjK7602HyAMJXdGE-data-for-regions-by-year
gm_not685pov_rate,Not in Poverty Rate 6.85,"[geo:world_4region,time:time]","{timeInColumns:FALSE, hasNameColumn:TRUE,nameColumn:“B”}",1qgteaUUIimWRYSfOGg245ZySDX9fjK7602HyAMJXdGE-data-for-regions-by-year
gm_not685pov_num,People Not in poverty 6.85,"[geo:world_4region,time:time]","{timeInColumns:FALSE, hasNameColumn:TRUE,nameColumn:“B”}",1qgteaUUIimWRYSfOGg245ZySDX9fjK7602HyAMJXdGE-data-for-regions-by-year
gm_epov_rate,Extreme Poverty Rate,"[geo:global,time:time]","{timeInColumns:FALSE, hasNameColumn:TRUE,nameColumn:“B”}",1Vz-W9i2cn35UCVDah4CJkB-9lyiwNywc5pHn5AYHQ2U-data-for-world-by-year
gm_epov_num,People in extreme poverty,"[geo:global,time:time]","{timeInColumns:FALSE, hasNameColumn:TRUE,nameColumn:“B”}",1Vz-W9i2cn35UCVDah4CJkB-9lyiwNywc5pHn5AYHQ2U-data-for-world-by-year
gm_365pov_rate,Poverty Rate 3.65,"[geo:global,time:time]","{timeInColumns:FALSE, hasNameColumn:TRUE,nameColumn:“B”}",1Vz-W9i2cn35UCVDah4CJkB-9lyiwNywc5pHn5AYHQ2U-data-for-world-by-year
gm_365pov_num,People in poverty 3.65,"[geo:global,time:time]","{timeInColumns:FALSE, hasNameColumn:TRUE,nameColumn:“B”}",1Vz-W9i2cn35UCVDah4CJkB-9lyiwNywc5pHn5AYHQ2U-data-for-world-by-year
gm_685pov_rate,Poverty Rate 6.85,"[geo:global,time:time]","{timeInColumns:FALSE, hasNameColumn:TRUE,nameColumn:“B”}",1Vz-W9i2cn35UCVDah4CJkB-9lyiwNywc5pHn5AYHQ2U-data-for-world-by-year
gm_685pov_num,People in poverty 6.85,"[geo:global,time:time]","{timeInColumns:FALSE, hasNameColumn:TRUE,nameColumn:“B”}",1Vz-W9i2cn35UCVDah4CJkB-9lyiwNywc5pHn5AYHQ2U-data-for-world-by-year
gm_notepov_rate,Not in Extreme Poverty Rate,"[geo:global,time:time]","{timeInColumns:FALSE, hasNameColumn:TRUE,nameColumn:“B”}",1qgteaUUIimWRYSfOGg245ZySDX9fjK7602HyAMJXdGE-data-for-world-by-year
gm_notepov_num,People Not in extreme poverty,"[geo:global,time:time]","{timeInColumns:FALSE, hasNameColumn:TRUE,nameColumn:“B”}",1qgteaUUIimWRYSfOGg245ZySDX9fjK7602HyAMJXdGE-data-for-world-by-year
gm_not365pov_rate,Not in Poverty Rate 3.65,"[geo:global,time:time]","{timeInColumns:FALSE, hasNameColumn:TRUE,nameColumn:“B”}",1qgteaUUIimWRYSfOGg245ZySDX9fjK7602HyAMJXdGE-data-for-world-by-year
gm_not365pov_num,People Not in poverty 3.65,"[geo:global,time:time]","{timeInColumns:FALSE, hasNameColumn:TRUE,nameColumn:“B”}",1qgteaUUIimWRYSfOGg245ZySDX9fjK7602HyAMJXdGE-data-for-world-by-year
gm_not685pov_rate,Not in Poverty Rate 6.85,"[geo:global,time:time]","{timeInColumns:FALSE, hasNameColumn:TRUE,nameColumn:“B”}",1qgteaUUIimWRYSfOGg245ZySDX9fjK7602HyAMJXdGE-data-for-world-by-year
gm_not685pov_num,People Not in poverty 6.85,"[geo:global,time:time]","{timeInColumns:FALSE, hasNameColumn:TRUE,nameColumn:“B”}",1qgteaUUIimWRYSfOGg245ZySDX9fjK7602HyAMJXdGE-data-for-world-by-year
corruption_perception_index_cpi,Corruption Perception Index (TI),"[geo:country,time:time]","{timeInColumns:FALSE, hasNameColumn:TRUE,nameColumn:“B”}",1CwLHwwtPF-CJH4RfjJYTQKG4D1BDnH8zQCvqJmYht70-data-for-countries-etc-by-year
corruption_perception_index_cpi,Corruption Perception Index (TI),"[geo:world_4region,time:time]","{timeInColumns:FALSE, hasNameColumn:TRUE,nameColumn:“B”}",1CwLHwwtPF-CJH4RfjJYTQKG4D1BDnH8zQCvqJmYht70-data-for-regions-by-year
corruption_perception_index_cpi,Corruption Perception Index (TI),"[geo:global,time:time]","{timeInColumns:FALSE, hasNameColumn:TRUE,nameColumn:“B”}",1CwLHwwtPF-CJH4RfjJYTQKG4D1BDnH8zQCvqJmYht70-data-for-world-by-year
bcg_vacc,BCG immunized,"[geo:country,time:time]","{timeInColumns:FALSE, hasNameColumn:TRUE,nameColumn:“B”}",1Lly6Noee7mpZ1zgyeuj7-ZEeOa77dEdOU8sQCJs40SY-data-for-countries-etc-by-year
dtp3_vacc,DTP3 immunized,"[geo:country,time:time]","{timeInColumns:FALSE, hasNameColumn:TRUE,nameColumn:“B”}",1Lly6Noee7mpZ1zgyeuj7-ZEeOa77dEdOU8sQCJs40SY-data-for-countries-etc-by-year
hepb3_vacc,HepB3 immunized,"[geo:country,time:time]","{timeInColumns:FALSE, hasNameColumn:TRUE,nameColumn:“B”}",1Lly6Noee7mpZ1zgyeuj7-ZEeOa77dEdOU8sQCJs40SY-data-for-countries-etc-by-year
hib3_vacc,HIB3 immunized,"[geo:country,time:time]","{timeInColumns:FALSE, hasNameColumn:TRUE,nameColumn:“B”}",1Lly6Noee7mpZ1zgyeuj7-ZEeOa77dEdOU8sQCJs40SY-data-for-countries-etc-by-year
mcv1_vacc,Measles 1st dose immunized,"[geo:country,time:time]","{timeInColumns:FALSE, hasNameColumn:TRUE,nameColumn:“B”}",1Lly6Noee7mpZ1zgyeuj7-ZEeOa77dEdOU8sQCJs40SY-data-for-countries-etc-by-year
mcv2_vacc,Measles 2nd dose immunized,"[geo:country,time:time]","{timeInColumns:FALSE, hasNameColumn:TRUE,nameColumn:“B”}",1Lly6Noee7mpZ1zgyeuj7-ZEeOa77dEdOU8sQCJs40SY-data-for-countries-etc-by-year
pcv3_vacc,PCV3 immunized,"[geo:country,time:time]","{timeInColumns:FALSE, hasNameColumn:TRUE,nameColumn:“B”}",1Lly6Noee7mpZ1zgyeuj7-ZEeOa77dEdOU8sQCJs40SY-data-for-countries-etc-by-year
pol3_vacc,Pol3 immunized,"[geo:country,time:time]","{timeInColumns:FALSE, hasNameColumn:TRUE,nameColumn:“B”}",1Lly6Noee7mpZ1zgyeuj7-ZEeOa77dEdOU8sQCJs40SY-data-for-countries-etc-by-year
rotac_vacc,RotaC immunized,"[geo:country,time:time]","{timeInColumns:FALSE, hasNameColumn:TRUE,nameColumn:“B”}",1Lly6Noee7mpZ1zgyeuj7-ZEeOa77dEdOU8sQCJs40SY-data-for-countries-etc-by-year
vacc_rate,Some vaccination rate,"[geo:country,time:time]","{timeInColumns:FALSE, hasNameColumn:TRUE,nameColumn:“B”}",1Lly6Noee7mpZ1zgyeuj7-ZEeOa77dEdOU8sQCJs40SY-data-for-countries-etc-by-year
six_vacc_rate,Lowest vaccination rate among six basic vaccines,"[geo:country,time:time]","{timeInColumns:FALSE, hasNameColumn:TRUE,nameColumn:“B”}",1Lly6Noee7mpZ1zgyeuj7-ZEeOa77dEdOU8sQCJs40SY-data-for-countries-etc-by-year
bcg_vacc,BCG immunized,"[geo:global,time:time]","{timeInColumns:FALSE, hasNameColumn:TRUE,nameColumn:“B”}",1Lly6Noee7mpZ1zgyeuj7-ZEeOa77dEdOU8sQCJs40SY-data-for-world-by-year
dtp3_vacc,DTP3 immunized,"[geo:global,time:time]","{timeInColumns:FALSE, hasNameColumn:TRUE,nameColumn:“B”}",1Lly6Noee7mpZ1zgyeuj7-ZEeOa77dEdOU8sQCJs40SY-data-for-world-by-year
hepb3_vacc,HepB3 immunized,"[geo:global,time:time]","{timeInColumns:FALSE, hasNameColumn:TRUE,nameColumn:“B”}",1Lly6Noee7mpZ1zgyeuj7-ZEeOa77dEdOU8sQCJs40SY-data-for-world-by-year
hib3_vacc,HIB3 immunized,"[geo:global,time:time]","{timeInColumns:FALSE, hasNameColumn:TRUE,nameColumn:“B”}",1Lly6Noee7mpZ1zgyeuj7-ZEeOa77dEdOU8sQCJs40SY-data-for-world-by-year
mcv1_vacc,Measles 1st dose immunized,"[geo:global,time:time]","{timeInColumns:FALSE, hasNameColumn:TRUE,nameColumn:“B”}",1Lly6Noee7mpZ1zgyeuj7-ZEeOa77dEdOU8sQCJs40SY-data-for-world-by-year
mcv2_vacc,Measles 2nd dose immunized,"[geo:global,time:time]","{timeInColumns:FALSE, hasNameColumn:TRUE,nameColumn:“B”}",1Lly6Noee7mpZ1zgyeuj7-ZEeOa77dEdOU8sQCJs40SY-data-for-world-by-year
pcv3_vacc,PCV3 immunized,"[geo:global,time:time]","{timeInColumns:FALSE, hasNameColumn:TRUE,nameColumn:“B”}",1Lly6Noee7mpZ1zgyeuj7-ZEeOa77dEdOU8sQCJs40SY-data-for-world-by-year
pol3_vacc,Pol3 immunized,"[geo:global,time:time]","{timeInColumns:FALSE, hasNameColumn:TRUE,nameColumn:“B”}",1Lly6Noee7mpZ1zgyeuj7-ZEeOa77dEdOU8sQCJs40SY-data-for-world-by-year
rotac_vacc,RotaC immunized,"[geo:global,time:time]","{timeInColumns:FALSE, hasNameColumn:TRUE,nameColumn:“B”}",1Lly6Noee7mpZ1zgyeuj7-ZEeOa77dEdOU8sQCJs40SY-data-for-world-by-year
vacc_rate,Some vaccination rate,"[geo:global,time:time]","{timeInColumns:FALSE, hasNameColumn:TRUE,nameColumn:“B”}",1Lly6Noee7mpZ1zgyeuj7-ZEeOa77dEdOU8sQCJs40SY-data-for-world-by-year
six_vacc_rate,Lowest vaccination rate among six basic vaccines,"[geo:global,time:time]","{timeInColumns:FALSE, hasNameColumn:TRUE,nameColumn:“B”}",1Lly6Noee7mpZ1zgyeuj7-ZEeOa77dEdOU8sQCJs40SY-data-for-world-by-year
pab_immunized_percent_of_newborns,PAB Immunized,"[geo:country,time:time]","{timeInColumns:FALSE, hasNameColumn:TRUE,nameColumn:“B”}",1n5uKVd9qINM_-zyAcOHwuXB6-aNknDrFh9BQFkl_m08-data-for-countries-etc-by-year
pab_immunized_percent_of_newborns,PAB Immunized,"[geo:global,time:time]","{timeInColumns:FALSE, hasNameColumn:TRUE,nameColumn:“B”}",1n5uKVd9qINM_-zyAcOHwuXB6-aNknDrFh9BQFkl_m08-data-for-world-by-year
